effective_targets,bce_nats_per_pixel,optimizer_steps
15506,0.7290561163823681,1
255373,0.6802074192930718,10
479079,0.6044915340278756,20
720731,0.5562346001227042,30
990474,0.5199555855344692,40
1218526,0.4845380459105367,50
1485026,0.45068027981209297,60
1785044,0.42172372626345694,70
2066405,0.3951503561789016,80
2370844,0.3761115364185564,90
2666772,0.3635114063445127,100
2904280,0.3529178812241397,110
3154325,0.3478799528760747,120
3429739,0.3418584375213299,130
3699971,0.339504258286301,140
3927176,0.33752672680888934,150
4211052,0.33597824139829136,160
4472939,0.3347781179017275,170
4753915,0.3331059298350472,180
5012901,0.33222228246377716,190
5298531,0.3308736928745493,200
5585177,0.3303594267107589,210
5821482,0.32954003053446723,220
6114233,0.32878425200273764,230
6367125,0.32899021489619296,240
6685684,0.3278687112569404,250
6973314,0.32594686649152593,260
7205147,0.32655112759421473,270
7461844,0.32374140293270465,280
7702923,0.32271030423630725,290
7986776,0.3218567306235508,300
8271405,0.3216036962620397,310
8533524,0.3225816240565848,320
8784084,0.3202794680360973,330
9067759,0.3197360995273952,340
9379245,0.3201347655069971,350
9649984,0.31879670359743734,360
9955116,0.31821083246931947,370
10213569,0.3189420707015481,380
10479863,0.3170263128213518,390
10735595,0.3183693656417957,400
11015730,0.31580516807220504,410
11254760,0.3131187332829348,420
11534000,0.3146097210444058,430
11809485,0.3132148896287752,440
12150697,0.31294476964746304,450
12459249,0.31329648089239365,460
12740803,0.31365023651605556,470
12973799,0.31030594125430716,480
13244624,0.312853391735763,490
13565785,0.3121338775833938,500
13834939,0.3101237208823864,510
14145485,0.30978662470822793,520
14393258,0.30917229962307846,530
14663072,0.31000794290746325,540
14910078,0.3094160465561334,550
15148638,0.310062093285994,560
15405715,0.3042942333759858,570
15673642,0.30694224617697974,580
15942283,0.30480619158063615,590
16200296,0.30616555146545665,600
16498288,0.3060261690163914,610
16797793,0.30646162197546933,620
17085028,0.30769013611644186,630
17375635,0.3038544258080634,640
17623293,0.30206335428127223,650
17887515,0.3033386328125,660
18150567,0.30314842172115625,670
18445500,0.3056394760723325,680
18668869,0.3035241472053858,690
18985795,0.3078656017595924,700
19245206,0.3017034179887595,710
19534599,0.30155961822869737,720
19879857,0.30239593661105263,730
20134681,0.30264482492197287,740
20438458,0.3017959493627718,750
20706585,0.3011219858532943,760
20969870,0.30147127574018306,770
21276712,0.3006297083682944,780
21541998,0.3017619448925962,790
21822212,0.2999538858103198,800
22048339,0.2984734724442658,810
22274970,0.2992040521934159,820
22558170,0.30003763501278125,830
22828146,0.2980041396010373,840
23088374,0.2983736346291544,850
23339053,0.2994346627493713,860
23590267,0.2989545783817488,870
23869353,0.29760778935276877,880
24143388,0.2962682828108677,890
24407447,0.2939595786437335,900
24693313,0.2941468487329068,910
24928647,0.29939681859335965,920
25192471,0.29787084830655364,930
25466274,0.298683816917065,940
25707195,0.29625519060681443,950
25968179,0.29808749053280215,960
26261830,0.29820251413068144,970
26519702,0.29444959230986945,980
26766237,0.29533102441048964,990
27064465,0.29442791159987336,1000
27355463,0.2976417569007131,1010
27643867,0.2956632640420487,1020
27912719,0.29460771090877963,1030
28158548,0.29579651014093855,1040
28458557,0.2928106420016645,1050
28749651,0.29199787334569244,1060
29018636,0.2923438730009115,1070
29262972,0.29603848905644864,1080
29565050,0.29158350924255766,1090
29815084,0.29268621438542786,1100
30058398,0.2924143101395693,1110
30325660,0.2911077369233592,1120
30594526,0.29158340819712525,1130
30841605,0.29033037730931965,1140
31113072,0.2912148322744594,1150
31408093,0.2912372670876472,1160
31693866,0.29288285375259054,1170
31919936,0.28956183506641403,1180
32200249,0.2893742373700558,1190
32471384,0.2906819151471394,1200
32753058,0.29139824233354816,1210
33024150,0.2922316271343816,1220
33304431,0.2896832354346335,1230
33565231,0.2899526923438602,1240
33812963,0.2887989476443468,1250
34102305,0.2846375531443414,1260
34426383,0.2910438598164982,1270
34705237,0.2866713647025067,1280
34967176,0.28958007959648646,1290
35187281,0.2892856917842742,1300
35473110,0.29227997680055817,1310
35723898,0.289215449800305,1320
36001996,0.288230649540395,1330
36285399,0.28839850472738704,1340
36569553,0.28693734485514144,1350
36832288,0.2886007701939865,1360
37114156,0.2903438536613196,1370
37411805,0.2861431858616558,1380
37668103,0.29408314534309815,1390
37954641,0.2892877909026246,1400
38253967,0.285312471461026,1410
38557991,0.28492424862364335,1420
38805369,0.28654041842157457,1430
39089437,0.28843532513577325,1440
39356138,0.28453800276033675,1450
39622245,0.2812896550068094,1460
39865210,0.28296613454359343,1470
40097797,0.28507178167608654,1480
40333858,0.2865903688585939,1490
40699551,0.2865741199450154,1500
40950427,0.2897457373508607,1510
41215787,0.28152388644076043,1520
41443507,0.2854422784028922,1530
41734458,0.2861840823540699,1540
42046042,0.282111637127257,1550
42294242,0.28288993722921274,1560
42534202,0.2813469458167506,1570
42823083,0.2803922985396008,1580
43058286,0.28123440059507787,1590
43360824,0.285970614499715,1600
43632878,0.2843724422797916,1610
43951042,0.2816901316647984,1620
44216677,0.28322240620689565,1630
44452404,0.27724932877651653,1640
44706114,0.28435998768899456,1650
45005355,0.28017318748166176,1660
45231208,0.284864001692913,1670
45526235,0.2808502986270415,1680
45810265,0.2801527965220242,1690
46069334,0.2852184704016145,1700
46372700,0.2845270027561547,1710
46691858,0.2795032493742238,1720
46951629,0.27946216096447735,1730
47275428,0.2835406611579246,1740
47553184,0.28201817603799073,1750
47862257,0.28002454095781004,1760
48155983,0.2806745851356503,1770
48440357,0.2787423223336964,1780
48774957,0.27876569707445753,1790
49011201,0.28140654178917673,1800
49276907,0.2794692375206873,1810
49564770,0.27991163551917136,1820
49885458,0.27980030540876244,1830
50286459,0.2775304778316035,1840
50538758,0.27887169068522993,1850
50819146,0.27781852141995417,1860
51033368,0.28165375525210085,1870
51279254,0.28203320993411246,1880
51656996,0.2776019955134025,1890
51945442,0.27959715096324667,1900
52261095,0.27809038096602917,1910
52497475,0.27518007692848634,1920
52757188,0.2824641402049731,1930
53039450,0.27604854476217744,1940
53343226,0.27899884802149977,1950
53669773,0.2778533736466043,1960
53979303,0.27635460439379184,1970
54220635,0.2795525371957139,1980
54470210,0.27792093931686046,1990
54713611,0.27967054282275977,2000
54975622,0.2782960068950051,2010
55292283,0.2773672747045708,2020
55623777,0.2737925604095252,2030
55909253,0.28116064858424505,2040
56185460,0.2776978685721138,2050
56418350,0.2777631617799121,2060
56681649,0.27741501535893204,2070
57024025,0.2796182216520773,2080
57319764,0.27849268438510477,2090
57647018,0.27558069915109307,2100
57890959,0.2779543237986212,2110
58148726,0.2755119296490519,2120
58368961,0.27589037466385435,2130
58657909,0.2754301471117776,2140
58940718,0.2777694907848706,2150
59244084,0.27497696674539635,2160
59505408,0.27589181401281376,2170
59795261,0.2732933929382714,2180
60034668,0.2761146998919214,2190
60356922,0.27648728689382457,2200
60603792,0.2761780564695834,2210
60866680,0.2734552618338085,2220
61117097,0.2759957732601126,2230
61400509,0.2742245393202273,2240
61677220,0.27591451540594525,2250
61902250,0.274225740466438,2260
62196872,0.27591877884138705,2270
62467685,0.27595730383663525,2280
62716439,0.2756256867033501,2290
62982477,0.2782434883854325,2300
63256777,0.27519807846827365,2310
63558666,0.2744809281040668,2320
63820527,0.27254594989616104,2330
64106273,0.2757743215919899,2340
64371981,0.2717654670824845,2350
64653568,0.2741883869292592,2360
64925767,0.2707875952395024,2370
65217020,0.2749708460952837,2380
65510557,0.27435586372370036,2390
65780421,0.273729331225541,2400
66039448,0.27625346075726553,2410
66277289,0.2698660159436824,2420
66517376,0.2736100664098163,2430
66741042,0.27650886231669636,2440
67028452,0.27800542334846606,2450
67323661,0.2754844030848895,2460
67586458,0.2720605047860078,2470
67895149,0.27277821300275273,2480
68196312,0.2728774608961968,2490
68457826,0.2736417697410891,2500
68756843,0.2714013183306357,2510
69071580,0.2714284628756787,2520
69326982,0.2715203314839579,2530
69594491,0.27313631165204805,2540
69881480,0.27209028538649643,2550
70162315,0.2714646249051548,2560
70468845,0.27395474787450036,2570
70741253,0.2730571826006551,2580
70998174,0.27005262831742227,2590
71272459,0.2745981795591522,2600
71553045,0.2750011722801716,2610
71800970,0.27498577721721096,2620
72015421,0.27042615301847406,2630
72328315,0.27257429124523586,2640
72583320,0.2725861951431298,2650
72871793,0.26974404558046017,2660
73101332,0.2714128460143712,2670
73352664,0.2699079168691455,2680
73649329,0.26889901024486845,2690
73912593,0.27130740142384274,2700
74162107,0.272532529673744,2710
74397747,0.27487138540391676,2720
74659549,0.27519484075476686,2730
74909401,0.2686854732052649,2740
75188546,0.273444692287339,2750
75451959,0.27692992751226947,2760
75747900,0.2736433779660548,2770
76010277,0.2707861606791993,2780
76294696,0.2751935469891749,2790
76539878,0.26997768905256586,2800
76829011,0.27347624183089775,2810
77049884,0.2706464578971446,2820
77329790,0.27289574468199,2830
77646050,0.26973338886128306,2840
77928392,0.27112203138508395,2850
78173361,0.27132971606611395,2860
78412963,0.2695151542902965,2870
78701789,0.2723940743512657,2880
78943649,0.27073384511689574,2890
79188941,0.2713372393201799,2900
79464909,0.2707748728647572,2910
79703643,0.27453478218767946,2920
79946757,0.26865692147226444,2930
80195054,0.27196607273413276,2940
80451722,0.2736533651465498,2950
80734056,0.26971368592497885,2960
81011230,0.27128733615972134,2970
81254119,0.26963771553052085,2980
81568331,0.27083688521829463,2990
81831533,0.26923400777952644,3000
82109085,0.27016593493237123,3010
82364634,0.2737063668826858,3020
82634866,0.2689098296879346,3030
82908412,0.27134114456412256,3040
83202539,0.27108724429547787,3050
83423696,0.26879062097584944,3060
83705414,0.26930286101583845,3070
84013193,0.2678007024053441,3080
84286461,0.26882364098925654,3090
84575644,0.2723098677907936,3100
84824027,0.26858512567739534,3110
85117229,0.2670997248651604,3120
85322541,0.26663230943391875,3130
85608023,0.27011419237274487,3140
85872565,0.27188921686247935,3150
86145439,0.27170843330227756,3160
86371118,0.2716353440019846,3170
86659876,0.269879206303506,3180
86906963,0.2727194122359247,3190
87189957,0.2685533129817359,3200
87482593,0.27022161183479876,3210
87742571,0.27090059832191216,3220
88029144,0.26808527614380606,3230
88370629,0.27093211095507275,3240
88623259,0.27068357300340085,3250
88860087,0.2702903577793851,3260
89120819,0.27189847500009984,3270
89436689,0.2704107673062599,3280
89759640,0.269206805428606,3290
90029974,0.26651403982380645,3300
90357261,0.26597300932709256,3310
90613014,0.2688580555017239,3320
90866404,0.27000092387767255,3330
91166275,0.27002830687238,3340
91434783,0.2678420825665261,3350
91749259,0.2690303399491843,3360
92072572,0.26876916463688877,3370
92350425,0.26731497492759043,3380
92607496,0.2681414158199627,3390
92844335,0.26789087742896117,3400
93111748,0.27080714070125483,3410
93390811,0.2695509507284826,3420
93701537,0.2735798608705859,3430
93964889,0.27037632044166815,3440
94215758,0.26418286344851843,3450
94480554,0.26947132785692957,3460
94780230,0.2702719570380205,3470
95018510,0.2638891058453059,3480
95296005,0.2689698955678469,3490
95539058,0.26631605445157713,3500
95782737,0.2686607598925281,3510
96079212,0.2671693316323735,3520
96359854,0.2682730455920123,3530
96635345,0.26490641255137426,3540
96900039,0.26758607691484204,3550
97157541,0.2659986702589981,3560
97443301,0.2646915191637547,3570
97742080,0.26478654534306467,3580
98019892,0.2700308662124172,3590
98277670,0.2674793582477659,3600
98579198,0.26221746516444,3610
98828803,0.26816230670321833,3620
99059605,0.2641401022979465,3630
99392369,0.2666674662337969,3640
99637354,0.2641098301471709,3650
99926467,0.2623502166719764,3660
100192369,0.26721919592542837,3670
100464408,0.2657227167411289,3680
100739101,0.26720799565093256,3690
101006416,0.26527161772122293,3700
101276121,0.26488498291455437,3710
101512866,0.26414571200995907,3720
101781163,0.26582336282385055,3730
102017918,0.26962503175333535,3740
102359776,0.2677128416327004,3750
102603136,0.2643036758156397,3760
102851026,0.2678096961613629,3770
103107411,0.2639897668563249,3780
103333988,0.26240259260522397,3790
103596722,0.2663538974023583,3800
103868122,0.26416840835145006,3810
104126028,0.26154660915056427,3820
104383240,0.2660633899200573,3830
104672887,0.2685873298309954,3840
104905195,0.2623273053225751,3850
105200625,0.2626457189008643,3860
105451096,0.26620084724010984,3870
105706021,0.2655175387674063,3880
106008147,0.2668216740597586,3890
106271702,0.26420143185868855,3900
106561302,0.261130550407213,3910
106817487,0.2676093662045939,3920
107047524,0.2694082165357088,3930
107297232,0.26549217447956214,3940
107573159,0.26617169636333654,3950
107849261,0.2635198083078599,3960
108133181,0.2620799478258992,3970
108380738,0.2635410056409159,3980
108612941,0.2659403242157827,3990
108840953,0.2640182705574655,4000
109154196,0.26392318940622805,4010
109463055,0.26690623844516864,4020
109741951,0.2654599634791497,4030
109991647,0.26459544545567687,4040
110259312,0.26213631265823145,4050
110505659,0.26775531002731956,4060
110761562,0.26488362282429667,4070
111080732,0.26160589181401955,4080
111339839,0.2654188713162248,4090
111626833,0.2699627197727293,4100
111953853,0.26654647128249703,4110
112213852,0.26639997549672656,4120
112464345,0.2658887263397995,4130
112774456,0.2641104205624862,4140
113084304,0.2656830529583876,4150
113365085,0.26367820170781747,4160
113671951,0.26380728854675856,4170
113920092,0.2659336148635701,4180
114188867,0.2627594125493185,4190
114436195,0.26504923808298136,4200
114721356,0.2664228972299009,4210
115024599,0.26366660176147017,4220
115320924,0.264296127239447,4230
115620176,0.26674133611453055,4240
115886029,0.26342544300734416,4250
116105579,0.2644734209177826,4260
116398809,0.26747728489432343,4270
116650073,0.26673272596440467,4280
116905200,0.26129830040958185,4290
117133475,0.26305587253671386,4300
117420589,0.2664129554231609,4310
117695115,0.26268208978968643,4320
117978109,0.26461727207268176,4330
118291069,0.2675545639274237,4340
118563400,0.262807383788532,4350
118840337,0.26331831677125234,4360
119091610,0.26721659971944434,4370
119351843,0.2640888975922636,4380
119631768,0.2656225263239847,4390
119954566,0.2674384871816087,4400
120278126,0.2642344648762427,4410
120504328,0.26571927782291044,4420
120727369,0.2659170990872785,4430
120993280,0.2661948518867437,4440
121244950,0.2631588100598362,4450
121521134,0.26291272289736756,4460
121782846,0.26705471976490874,4470
122042684,0.26336976778404064,4480
122380636,0.2656855191273911,4490
122609214,0.26643073049937044,4500
122930926,0.2623950546013967,4510
123197047,0.26388283650611166,4520
123448697,0.2614540874781479,4530
123739047,0.26343783928029146,4540
124020743,0.26180850401528133,4550
124320424,0.26486990374218483,4560
124575338,0.265886243908711,4570
124869563,0.26401857903466613,4580
125109471,0.264364533405762,4590
125366997,0.2615318600126504,4600
125623909,0.25855452836752,4610
125920992,0.2651051291800066,4620
126196555,0.263907560008992,4630
126451951,0.2629692822791887,4640
126724327,0.25991398389977943,4650
127000649,0.26471580267995204,4660
127309678,0.26179243006534925,4670
127564854,0.2638235264237917,4680
127822429,0.26282911307121015,4690
128099418,0.26105088929037773,4700
128355065,0.26362321952523254,4710
128596341,0.2605437198002308,4720
128880795,0.26179308119651196,4730
129158324,0.2641590007724061,4740
129453173,0.2643833130500627,4750
129730767,0.26182103602829326,4760
130083133,0.26290897137653146,4770
130346227,0.25982445814181987,4780
130667474,0.26308929566349437,4790
130918612,0.2639855755465289,4800
131212464,0.2644097793026417,4810
131463535,0.2623419704053761,4820
131719383,0.26643469899824274,4830
132002778,0.26310775920567087,4840
132325196,0.262669430275762,4850
132580458,0.264749276411423,4860
132857231,0.26533833641492116,4870
133191062,0.25884350079610224,4880
133449215,0.2653341584259429,4890
133731922,0.2632366113286174,4900
133996064,0.26315141947153753,4910
134265750,0.26468238453429965,4920
134550026,0.2616597236134165,4930
134845809,0.26520824501584045,4940
135111375,0.26389079276329835,4950
135391548,0.26276146841766346,4960
135664953,0.26184457120664784,4970
135917015,0.26322896404206136,4980
136194140,0.2633666521821951,4990
136482525,0.2643442179030502,5000
136738948,0.2622343336268485,5010
137058730,0.26511560535457457,5020
137315901,0.26001322666645516,5030
137544369,0.26399463974826215,5040
137757473,0.2607755616038112,5050
137974977,0.26039561013341905,5060
138269062,0.26526934766586524,5070
138550415,0.2614743862824166,5080
138778953,0.2640365512968043,5090
139087098,0.26239936273159487,5100
139389445,0.2623695751544236,5110
139663995,0.26385170628733245,5120
139920851,0.2597581208292609,5130
140192731,0.26226311637533717,5140
140451932,0.26273485977657873,5150
140718936,0.2664387437802243,5160
141003640,0.2625322425889277,5170
141273270,0.261419146472871,5180
141506477,0.2606723242486084,5190
141753687,0.260922664575151,5200
141997576,0.2658424186208706,5210
142258401,0.2641828078632207,5220
142552154,0.26434903720974573,5230
142864501,0.265152996060358,5240
143169190,0.2613960234776856,5250
143407669,0.26039403032551706,5260
143692048,0.2620129758382617,5270
143986443,0.2645170068365673,5280
144328677,0.26579279901096814,5290
144659496,0.26126524241635946,5300
144946304,0.2597869486246242,5310
145165101,0.2623905399391135,5320
145422540,0.2663182913502158,5330
145721674,0.26484206563954527,5340
145964816,0.26045959123393736,5350
146217174,0.2626955591316042,5360
146465485,0.26026968719498134,5370
146751915,0.25883960553788243,5380
147019645,0.2613674526919443,5390
147330846,0.2641326431006612,5400
147564400,0.2635315135068275,5410
147853658,0.2623585732988797,5420
148097887,0.26299026018474214,5430
148358623,0.26239736598155955,5440
148594387,0.2610973938498205,5450
148877343,0.26088017101247346,5460
149139760,0.2573303098656379,5470
149438775,0.2647578515433962,5480
149687729,0.26251824790438033,5490
149934629,0.2612981932549827,5500
150222831,0.260347276695174,5510
150487072,0.2661568236080573,5520
150774501,0.2619598144934677,5530
151020462,0.26062709791992045,5540
151270786,0.2621121030848875,5550
151542787,0.26176407790902256,5560
151808240,0.2610643567552066,5570
152037609,0.25964220936122384,5580
152292702,0.25823715514604334,5590
152575572,0.25916509314041064,5600
152786896,0.26000603955817597,5610
153063386,0.26373261617030863,5620
153339064,0.2592873653609702,5630
153667423,0.2609690627991825,5640
153937181,0.2639019961730676,5650
154235715,0.2568883310284531,5660
154518302,0.2592507147805305,5670
154847514,0.2647526210759435,5680
155159492,0.26204074023861174,5690
155454750,0.2604185331567143,5700
155788092,0.25769230769230766,5710
156088251,0.2650635089930418,5720
156380533,0.25939930715378684,5730
156661038,0.2628142503595929,5740
156916113,0.26221680762565364,5750
157232120,0.26226288055058855,5760
157497145,0.25832465914012526,5770
157753027,0.26345465452082706,5780
158005942,0.26164053871102894,5790
158299891,0.26434474461515184,5800
158617389,0.2632646580261046,5810
158863250,0.2582141837138117,5820
159144225,0.2624599171629212,5830
159393666,0.26013302401504723,5840
159652528,0.25978229140429177,5850
159938159,0.2602937642752044,5860
160203812,0.2608599854293837,5870
160460435,0.25861417004884624,5880
160831816,0.2572461794061,5890
161073970,0.2610018950407227,5900
161305610,0.26014277514811174,5910
161541188,0.26184736404270226,5920
161810422,0.2598033650491636,5930
162078476,0.2628415975986632,5940
162386476,0.26325237317106875,5950
162629288,0.25963991714335816,5960
162897707,0.26069174198843703,5970
163139102,0.265457137299385,5980
163412880,0.26374356196569215,5990
163713984,0.26233997135564185,6000
163959483,0.2594797613862465,6010
164258551,0.2622717692968713,6020
164514152,0.25864083312057645,6030
164780608,0.2593466094355114,6040
165137211,0.2571827308514185,6050
165446430,0.25966046518148905,6060
165727696,0.2590599518679058,6070
165968953,0.2591419736331484,6080
166272734,0.2590114441775331,6090
166557917,0.2628955194833993,6100
166862157,0.26067364748700894,6110
167120285,0.2587939289602974,6120
167434972,0.2574859368008014,6130
167719147,0.26084033902334425,6140
167969896,0.2615428420945064,6150
168234873,0.2613795789855474,6160
168513706,0.2598354893379794,6170
168762315,0.2638450847993602,6180
168990259,0.2614796648332205,6190
169295715,0.25875531384592676,6200
169597507,0.26188413843082875,6210
169928194,0.26483836125678006,6220
170154248,0.26202654731982894,6230
170383679,0.26111743643540575,6240
170632063,0.2593722256517791,6250
170913861,0.2624580947935986,6260
171221183,0.2610149244299891,6270
171476167,0.2629450478164908,6280
171725103,0.2581154990904093,6290
171991711,0.26226592221215006,6300
172255562,0.25950206273566295,6310
172558545,0.2608071234674737,6320
172792225,0.25812218533413306,6330
173026670,0.2632357449840905,6340
173306730,0.25960179850430987,6350
173559603,0.2617855269669473,6360
173791640,0.25517608447829593,6370
174025389,0.2595715474525778,6380
174304252,0.25994232466869505,6390
174577285,0.26266499768377055,6400
174913555,0.2580597792022527,6410
175200856,0.2575077337266843,6420
175500137,0.2626524067438973,6430
175742361,0.2615721631470769,6440
176009264,0.26298854466565225,6450
176296975,0.2593130015231798,6460
176525869,0.26068010116584744,6470
176775213,0.2578097763616613,6480
177063776,0.2591151019197114,6490
177366650,0.2577220452629768,6500
177673911,0.2575054861841844,6510
177993078,0.25519123320827897,6520
178216130,0.25793241157979063,6530
178531983,0.26063792533687646,6540
178851001,0.26070894504560715,6550
179166952,0.2583689836301411,6560
179402200,0.2611430839554704,6570
179664994,0.260125501793069,6580
179881773,0.25949956887283493,6590
180185840,0.25996200448210643,6600
180523244,0.2617137001206585,6610
180764965,0.26196238107560116,6620
181021997,0.2591431865325826,6630
181279383,0.26074053200945313,6640
181522476,0.2596238145680032,6650
181784811,0.2632861665564758,6660
182038286,0.2556685016828486,6670
182278037,0.2612740347730449,6680
182544562,0.26214221112552744,6690
182799546,0.2572778650520773,6700
183076803,0.25640714268740494,6710
183338098,0.2543977151985328,6720
183626288,0.2605427068536932,6730
183881696,0.2608752015620496,6740
184083336,0.2593793454968475,6750
184359746,0.25503593995659607,6760
184602449,0.26142008938661393,6770
184862914,0.2603502084981157,6780
185137834,0.260088024134341,6790
185426653,0.260842865366336,6800
185717898,0.2584744297668406,6810
186037685,0.26107155383415576,6820
186276743,0.25387085047471275,6830
186487167,0.25908001211559134,6840
186775342,0.2661229673893517,6850
187021250,0.26569048075124463,6860
187354598,0.2597733726068679,6870
187629207,0.25393386199913176,6880
187891157,0.2624565735651849,6890
188102217,0.2569877733074099,6900
188418467,0.2613386908245457,6910
188712957,0.25732234623774547,6920
189025960,0.259550624862005,6930
189296140,0.25835811039793644,6940
189585770,0.259092422411318,6950
189891147,0.26204879654684415,6960
190152716,0.25796814727273126,6970
190445749,0.26056839662515263,6980
190721289,0.2621413764603641,6990
191019313,0.2542390335945888,7000
191286245,0.2589931029790012,7010
191521013,0.2554414681486842,7020
191781775,0.25122635098873625,7030
192059423,0.25610704391072237,7040
192294770,0.25861129705039626,7050
192547895,0.25507799864210656,7060
192831688,0.25354365583046895,7070
193091951,0.2542616025313841,7080
193386704,0.25039442796778555,7090
193664614,0.25822171777235187,7100
193916271,0.2541008937603756,7110
194149966,0.2579484672450029,7120
194437242,0.25608309375718025,7130
194714267,0.2545205393145161,7140
194990844,0.2570675352356004,7150
195245921,0.25386962739416885,7160
195503861,0.2594367004251042,7170
195778180,0.2534526088341593,7180
196089411,0.25474105692430477,7190
196348134,0.25512506722196593,7200
196594558,0.25490732389917065,7210
196841234,0.25526282629096175,7220
197125903,0.25582050874112333,7230
197380933,0.2517098712745727,7240
197652195,0.2546540415391257,7250
197970176,0.25356965194558806,7260
198262340,0.2525392084298416,7270
198516963,0.2539404025942124,7280
198813374,0.2577901381965923,7290
199080098,0.25702490841828685,7300
199362959,0.2533711914582331,7310
199646002,0.2526759148684735,7320
199904009,0.25312692246656404,7330
200151479,0.2542117084091441,7340
200465672,0.25550435430656565,7350
200744930,0.25457185680601435,7360
201005821,0.2552561728918113,7370
201282325,0.25405692537646396,7380
201540522,0.25755861119230455,7390
201822992,0.25503130948240277,7400
202100098,0.25338505921404975,7410
202387139,0.25596844365758376,7420
202676639,0.2514575829866607,7430
202922337,0.25601582254517735,7440
203223185,0.25271737152727114,7450
203456111,0.25536105915651486,7460
203748460,0.2529450503477604,7470
204023624,0.2530265145724387,7480
204289349,0.2501702327774158,7490
204569905,0.25368029024317074,7500
204849074,0.2526518131586651,7510
205088742,0.25958028295269175,7520
205387617,0.25731593295706334,7530
205654416,0.25433009284961183,7540
205923178,0.2604158989034825,7550
206209574,0.25214805680921665,7560
206495482,0.25272239483318987,7570
206745737,0.25309907830105577,7580
207044551,0.2550273075666703,7590
207286265,0.25181093675185173,7600
207538880,0.2570464841814089,7610
207848476,0.2550350972711817,7620
208108559,0.24953078769222375,7630
208404728,0.2543487641361715,7640
208698266,0.2558581872126763,7650
208977132,0.2607036476633104,7660
209234975,0.2562053853775008,7670
209483090,0.25272183692860695,7680
209757735,0.2559414797072126,7690
210025178,0.25349119993674396,7700
210276602,0.2576584060894324,7710
210567537,0.2519070262714726,7720
210846116,0.2536423756820644,7730
211091764,0.25482783255901975,7740
211317871,0.2548945236308683,7750
211603156,0.25703032109506024,7760
211965037,0.25356188892612797,7770
212294511,0.255324459278605,7780
212600548,0.25304688580315116,7790
212864996,0.2542011336866382,7800
213114704,0.2571434460310911,7810
213412888,0.25354621526012927,7820
213684380,0.2509896921916106,7830
213926018,0.25782649264487334,7840
214181173,0.2591195455411585,7850
214451476,0.25705648893164945,7860
214722026,0.2558592144810121,7870
214976796,0.25349129604467663,7880
215270655,0.2579246869707252,7890
215528171,0.2551800264217831,7900
215825577,0.2524011695679881,7910
216113688,0.25329021311397915,7920
216353428,0.25561882189670926,7930
216641408,0.25743509198255676,7940
216929034,0.25266709464792014,7950
217177553,0.25281780469517057,7960
217483837,0.25562151442233155,7970
217729710,0.25620991907242613,7980
217994942,0.254893552767224,7990
218287515,0.2584876574410083,8000
218527435,0.25628723755089283,8010
218847634,0.2538902425463493,8020
219117449,0.2556391538189498,8030
219425366,0.2557312688633607,8040
219682443,0.252342750385398,8050
220020321,0.2537983015998908,8060
220314523,0.25366348529594046,8070
220600609,0.25637706733899324,8080
220841234,0.25300512417348603,8090
221098826,0.2569255268149286,8100
221406507,0.2579687382915232,8110
221665529,0.25808785371035425,8120
221926074,0.25826543732361645,8130
222196780,0.25452092612309524,8140
222511185,0.2546488771292623,8150
222755320,0.2558068104666962,8160
223061388,0.2532344127459467,8170
223344610,0.2526560844322692,8180
223660951,0.2547432671427639,8190
223926742,0.26041150851594475,8200
224229673,0.2563714601693553,8210
224487297,0.2577188600070074,8220
224776270,0.25570536994661874,8230
225005494,0.2572923906881873,8240
225270100,0.25522004240306284,8250
225536509,0.256074659580721,8260
225826337,0.25613434244629174,8270
226092503,0.25506801530958206,8280
226379224,0.25761373162266665,8290
226637574,0.2544434422565272,8300
226907298,0.25516246415253274,8310
227229838,0.2578501546087919,8320
227457937,0.2579169919527306,8330
227733380,0.2542330777497917,8340
228023720,0.25439241048747807,8350
228316382,0.2512770775677335,8360
228579425,0.2588159230866503,8370
228821872,0.2559958099644237,8380
229075969,0.2569863658048237,8390
229322343,0.2509481990180705,8400
229586892,0.25370110338349955,8410
229897570,0.25436128210441983,8420
230172133,0.25248256374826406,8430
230437413,0.2511051810635058,8440
230696704,0.25577983667101156,8450
230981967,0.25472739391144683,8460
231230592,0.2579395692698561,8470
231484805,0.25386902614895107,8480
231753686,0.252892654389143,8490
232051483,0.2520401321762229,8500
232347045,0.2560135087124183,8510
232577337,0.25380349057864443,8520
232863138,0.2565643844463988,8530
233152081,0.2544059275463641,8540
233422873,0.2525925170164703,8550
233698747,0.2552754295131251,8560
234013305,0.25300224716913394,8570
234301417,0.2533703195163971,8580
234568787,0.257866969845622,8590
234844499,0.25264641787597575,8600
235125987,0.25431466260415053,8610
235359582,0.2531037531140624,8620
235629714,0.25593401172555696,8630
235896209,0.25646610750009974,8640
236132160,0.25020285201442094,8650
236381610,0.2552364672592571,8660
236621432,0.25533046246503993,8670
236908100,0.25818007038415086,8680
237190343,0.25945178878799224,8690
237430936,0.24939913951587192,8700
237761909,0.2578616374876441,8710
238046319,0.25885821634269257,8720
238354203,0.2576346075629009,8730
238626458,0.2527104535181534,8740
238877345,0.2563483762987917,8750
239151166,0.2548537927262094,8760
239452273,0.25687135922058507,8770
239731786,0.2574019719575297,8780
240000690,0.25243536977898795,8790
240306252,0.25441938585801843,8800
240557513,0.26087465418385797,8810
240831308,0.2577494137397033,8820
241087652,0.2570157712854318,8830
241321665,0.2552715072508049,8840
241550061,0.25527270053086865,8850
241842343,0.2558220753562964,8860
242115357,0.25431765735071266,8870
242428569,0.2567727494623047,8880
242690087,0.2539437395328645,8890
242945896,0.2544771863935602,8900
243235708,0.25072876310087944,8910
243497383,0.252457055378702,8920
243779964,0.25467552539926414,8930
244033795,0.24979877102759576,8940
244304634,0.24858794972451284,8950
244598105,0.2565855168220089,8960
244866446,0.25557634935325846,8970
245155979,0.2506154851640598,8980
245431259,0.2555606399097921,8990
245704298,0.2553569282902186,9000
245940472,0.25467346178777417,9010
246237261,0.2575135848505034,9020
246485045,0.2556717543386838,9030
246726444,0.2565450444001639,9040
246981823,0.25059444861374863,9050
247224734,0.2550792195897333,9060
247537955,0.2533537602834816,9070
247822231,0.25760448611306414,9080
248143922,0.25540548049614276,9090
248404306,0.25420951452822443,9100
248683564,0.2528299606413501,9110
248968168,0.25620884516975884,9120
249279911,0.25666033354640927,9130
249558261,0.2563814002026247,9140
249832621,0.2568271807433848,9150
250119779,0.2513865347793226,9160
250406216,0.2553952171579834,9170
250639468,0.25445786128126907,9180
250867184,0.25232245334809666,9190
251144850,0.25729120205658595,9200
251391858,0.25526547891936546,9210
251648261,0.25433927662822253,9220
251936794,0.2566616102910675,9230
252212626,0.2553932284803184,9240
252492701,0.2519572176828781,9250
252711586,0.25756521753855344,9260
252940924,0.25498678156664867,9270
253187999,0.2539169920352926,9280
253482333,0.2582692267415502,9290
253756714,0.25432208686554975,9300
254037381,0.25491107090724274,9310
254314919,0.25772126737191114,9320
254555824,0.25488418852506944,9330
254836412,0.24773916770080565,9340
255107731,0.2561292939016577,9350
255393066,0.2519465087579882,9360
255684830,0.2570362037864,9370
255946133,0.25458782209971087,9380
256276225,0.2565612030213834,9390
256520644,0.25112084528482287,9400
256805013,0.2540783636702881,9410
257126189,0.25645691495747014,9420
257404735,0.25729814528193345,9430
257670104,0.25314430148639583,9440
257928894,0.25537638141961316,9450
258222272,0.24949608152583205,9460
258452156,0.2568515167206381,9470
258749938,0.25476715300849345,9480
258972133,0.25109846852318685,9490
259243169,0.2550241048352839,9500
259506516,0.25381437765699066,9510
259757315,0.25167139723146936,9520
260017241,0.2536720285915697,9530
260281710,0.25734131905076846,9540
260579707,0.25323509809205885,9550
260873760,0.25434408847587253,9560
261169027,0.2555287651120635,9570
261400461,0.24941482315192773,9580
261688217,0.25170457893504156,9590
261999717,0.2581829278246644,9600
262265213,0.25763004712689086,9610
262556383,0.25707763545849716,9620
262857554,0.254328529162138,9630
263114885,0.2558919328735669,9640
263398934,0.24979800475555505,9650
263633086,0.2481605725747507,9660
263921110,0.2526131446829911,9670
264211831,0.2514307460098295,9680
264463504,0.25167567571110927,9690
264734884,0.2576133385211571,9700
265008976,0.25332346662497923,9710
265245579,0.25222434396890314,9720
265543912,0.2575016677322167,9730
265811687,0.25670862293210855,9740
266063076,0.25275188402308857,9750
266339311,0.2543626190607417,9760
266614740,0.25325544559341595,9770
266868608,0.2531601102934254,9780
267177596,0.2563066459791576,9790
267422253,0.25012462414988357,9800
267696028,0.25112900532332844,9810
267956323,0.2534658573820847,9820
268200712,0.25506550134652306,9830
268483638,0.25623737961092313,9840
268709974,0.2552659948774577,9850
268978540,0.25483136311358534,9860
269245919,0.25371784671510283,9870
269575670,0.25505615306520574,9880
269905328,0.25692894487926643,9890
270185303,0.2536304198104548,9900
270445492,0.254604536465437,9910
270722730,0.25394830891275094,9920
271012560,0.2549895173877189,9930
271252578,0.250460874952639,9940
271505017,0.25465606256083945,9950
271753861,0.2519218751901129,9960
272012462,0.2524279991280984,9970
272259515,0.2534223408702182,9980
272549328,0.25133890652834856,9990
272801392,0.2571315476521268,10000
273057604,0.2508576253018484,10010
273347137,0.257513014078249,10020
273597799,0.25415680894066095,10030
273863698,0.2517044668088171,10040
274148336,0.25531372154943965,10050
274383280,0.255676184648857,10060
274683634,0.2558772090874337,10070
274945794,0.2472068111528427,10080
275255330,0.2537091141745339,10090
275514535,0.2510652906300566,10100
275740274,0.2506695872398248,10110
276057712,0.25565565161416115,10120
276310712,0.250515323359311,10130
276603758,0.24919035253294258,10140
276914709,0.2540576738385641,10150
277184920,0.25547919738513847,10160
277432624,0.2526057366881222,10170
277721794,0.2539579049505369,10180
277973219,0.25428304237326266,10190
278201866,0.24965772738707875,10200
278505128,0.253267867763987,10210
278765069,0.2572520188139445,10220
279029738,0.25226470728074,10230
279264030,0.25291350722639944,10240
279551829,0.25381308792823043,10250
279909403,0.2556226571468857,10260
280211114,0.2544677646428089,10270
280509110,0.25283901695706223,10280
280761177,0.2527579118143454,10290
281055553,0.25266593186591985,10300
281373666,0.25169369892278476,10310
281650641,0.2541015700268413,10320
281956107,0.25485316084296133,10330
282219175,0.2547931782775597,10340
282452435,0.25429841665356945,10350
282683034,0.2557078855547317,10360
283009510,0.2564478256826663,10370
283316144,0.2504249352689231,10380
283622085,0.25036186845981434,10390
283902902,0.2511113150416298,10400
284144437,0.251068661424851,10410
284397968,0.2553813314599628,10420
284705544,0.25273885631221676,10430
284983887,0.2559099453347016,10440
285222580,0.2541205493834029,10450
285483753,0.25369195924734833,10460
285735603,0.2498171602749596,10470
286001642,0.2532576886892214,10480
286243231,0.2538532604201896,10490
286502502,0.25455977161478555,10500
286777187,0.25516240694213854,10510
287035652,0.24742111429552263,10520
287287338,0.24912498820363654,10530
287538524,0.24881131231164802,10540
287830332,0.25015721638997396,10550
288088497,0.24654784061535115,10560
288362868,0.25054477881939674,10570
288650883,0.2530663102074381,10580
288955935,0.24828884651355618,10590
289249083,0.24705138599741633,10600
289560596,0.248346532647789,10610
289857543,0.250342595639886,10620
290133927,0.2499580671965625,10630
290419403,0.24623086715998577,10640
290730923,0.2495425555025523,10650
290984572,0.2488803922030906,10660
291242262,0.24971351003136155,10670
291538927,0.25008978219045636,10680
291814829,0.25141668902029435,10690
292077963,0.2487645878764329,10700
292352891,0.249455015170451,10710
292626956,0.2480410268184324,10720
292891944,0.25243254800142884,10730
293211632,0.2516368827756239,10740
293458141,0.24612066663331314,10750
293704753,0.24606415610261112,10760
293985024,0.25121937550657886,10770
294286861,0.24239234595534648,10780
294538855,0.2548098330202559,10790
294790335,0.2506260730963728,10800
295051695,0.24713253479974168,10810
295281118,0.24614173332166883,10820
295572875,0.24971106553510775,10830
295832039,0.24626809391088733,10840
296091683,0.24327597055136857,10850
296352294,0.24891147359799246,10860
296588612,0.24817249156177337,10870
296827229,0.2476720370222742,10880
297092382,0.25101683473172515,10890
297338189,0.2482052165970301,10900
297597514,0.25062355897522165,10910
297876097,0.25147246285955616,10920
298129057,0.25112634703435655,10930
298398771,0.24901695736779195,10940
298702468,0.24619327306779115,10950
298934906,0.24954771777272544,10960
299166370,0.2456786762363378,10970
299439813,0.25007227639125323,10980
299714746,0.24650521397571737,10990
299997414,0.24541328580504496,11000
300274237,0.2521302308356609,11010
300518790,0.24855089346025314,11020
300753619,0.25081678942612873,11030
301047649,0.24885945357353062,11040
301366008,0.25063989662181047,11050
301635380,0.25124569515106204,11060
301951695,0.2551675327932753,11070
302226785,0.2495183006966406,11080
302497512,0.24457575343910615,11090
302766690,0.2518844898781199,11100
303037972,0.2483525437773353,11110
303370284,0.25098177832140955,11120
303672655,0.24708118279431945,11130
303931799,0.24918476005478782,11140
304176820,0.2471428231590948,11150
304410642,0.24889041279254737,11160
304670533,0.24906446982903935,11170
304910908,0.2486024134707936,11180
305168306,0.2469315870773839,11190
305438088,0.251114202483952,11200
305714497,0.25158669622125446,11210
305972521,0.24483103348973695,11220
306313871,0.25317893820657494,11230
306570227,0.2494562802200079,11240
306833962,0.24575315646648174,11250
307117862,0.2509448488162272,11260
307376875,0.25122358529729516,11270
307668946,0.2509066813668904,11280
307921806,0.24829339056498803,11290
308188559,0.24772459084759832,11300
308474716,0.24819706981242595,11310
308799636,0.25382037386211015,11320
309103926,0.25422943766055156,11330
309347351,0.24688942003232298,11340
309639387,0.25401705402106617,11350
309901585,0.24968511229376547,11360
310116097,0.25051599939028174,11370
310374354,0.24615979257525103,11380
310632851,0.24854018076007742,11390
310941322,0.25144194633845895,11400
311237035,0.24897386432135293,11410
311490791,0.25153872732076166,11420
311708892,0.2512835419206191,11430
311988008,0.2484040815657703,11440
312269832,0.24875277274813865,11450
312563795,0.24783352084957122,11460
312808646,0.24744363948108328,11470
313050268,0.2502131760740615,11480
313308287,0.24794938473897157,11490
313618996,0.24754842193552282,11500
313924925,0.24892278586397765,11510
314157615,0.249687994130389,11520
314416416,0.24779574714455183,11530
314703822,0.25004220645782455,11540
315032207,0.24811952884272673,11550
315331950,0.2519153436610935,11560
315580145,0.24806274163821404,11570
315835853,0.24599021555055464,11580
316078490,0.2411066598737537,11590
316353849,0.24522290070179908,11600
316602682,0.25083777111400907,11610
316877892,0.24825439892789164,11620
317177908,0.25096923249440345,11630
317484345,0.2500146887678109,11640
317759950,0.24833388661978523,11650
318011014,0.25123270912554324,11660
318285994,0.24769443247343062,11670
318539644,0.24532673942268668,11680
318861103,0.25620605378774647,11690
319163920,0.25030070331542986,11700
319415761,0.24754151042826136,11710
319701310,0.25096854153354414,11720
319937518,0.24884364279051138,11730
320218736,0.24484585676956439,11740
320471048,0.2499094303864518,11750
320739079,0.25224619019979133,11760
321004043,0.25119497364034976,11770
321305463,0.2528423840631202,11780
321612167,0.2473749943520267,11790
321866046,0.24919023065100948,11800
322138034,0.24638642943881908,11810
322420305,0.24803717009123455,11820
322725387,0.2518418906995661,11830
322976888,0.24864648045489288,11840
323256168,0.24830660633302906,11850
323553678,0.25269910375961,11860
323848261,0.25081406414391016,11870
324095448,0.2520860373761356,11880
324362981,0.25041420306656725,11890
324648837,0.2497638655602725,11900
324963192,0.24925398453982067,11910
325232375,0.24516403202347323,11920
325546820,0.2498955975693761,11930
325817823,0.24629585213329827,11940
326092880,0.24929282985552567,11950
326392762,0.25118366702750694,11960
326693069,0.2508593968753684,11970
326955474,0.24789016491135138,11980
327222454,0.24997581819543374,11990
327523235,0.24452779190184612,12000
327805806,0.2487342224217577,12010
328026264,0.2482082832101069,12020
328324423,0.24961683674859556,12030
328680668,0.25211206224540006,12040
328984956,0.2471302119251982,12050
329251722,0.24688864797841634,12060
329509675,0.25193483674118744,12070
329845285,0.24926483327049956,12080
330117718,0.24594285077571656,12090
330350001,0.25197648645020493,12100
330624670,0.25007478353310075,12110
330892918,0.24740920082937176,12120
331169440,0.24888158500677512,12130
331392733,0.2527666207883975,12140
331644297,0.25082874824386003,12150
331934278,0.25119846618111946,12160
332197623,0.24837038782832713,12170
332472192,0.24396040489178744,12180
332722978,0.2461706637110379,12190
333026927,0.25202600411334697,12200
333282004,0.2527228716239337,12210
333552008,0.2485937225684691,12220
333819696,0.24773661295572916,12230
334082655,0.2512012025769698,12240
334344866,0.25030065362893084,12250
334631134,0.25034460112507717,12260
334912322,0.2548963578394457,12270
335198599,0.25299861598028045,12280
335472170,0.24996283436989036,12290
335735139,0.25074697459097484,12300
335994610,0.24938411522049164,12310
336305816,0.25000657086180367,12320
336597776,0.2512818412941719,12330
336897838,0.24806791363340436,12340
337146372,0.2472300199850601,12350
337389719,0.25314307143444287,12360
337652571,0.24867931416131317,12370
337972942,0.24782299816475004,12380
338273989,0.24838065475472698,12390
338490235,0.2471017332437052,12400
338718667,0.2486794708171268,12410
338988190,0.25128261637705257,12420
339257937,0.25099603710230184,12430
339584597,0.24985363360175658,12440
339837422,0.24924761796441128,12450
340114380,0.2496333656199603,12460
340394870,0.24929812249100586,12470
340712355,0.2510822242538094,12480
340996851,0.2509880106757637,12490
341257334,0.2506179230415869,12500
341524581,0.25296644454928024,12510
341759674,0.2473236839844606,12520
342018677,0.24789069944004313,12530
342295310,0.24973143958931596,12540
342566423,0.2510419087710815,12550
342898899,0.24872265839837754,12560
343143932,0.24764681719371498,12570
343451530,0.24642476991151405,12580
343708548,0.25014373983865457,12590
343949536,0.2438086794133772,12600
344206409,0.2500112673877795,12610
344434240,0.24998275854948376,12620
344677762,0.2505673817718593,12630
344973541,0.24888181603528073,12640
345234267,0.2485657298636658,12650
345531624,0.25044000698182234,12660
345805914,0.25092070426330065,12670
346058613,0.24916235226208455,12680
346279349,0.2494652097752994,12690
346543803,0.24915172566370392,12700
346785708,0.24928246343435267,12710
347067939,0.249424425068105,12720
347332590,0.24907221999412954,12730
347577902,0.24968420473033412,12740
347814893,0.24662950159313074,12750
348127715,0.2497574170587021,12760
348433979,0.24656265491124854,12770
348697375,0.24945034735140728,12780
349024905,0.25075871468862654,12790
349325214,0.25244597032918187,12800
349633367,0.24959435428586105,12810
349904640,0.25103143523343396,12820
350177385,0.2490902611581249,12830
350442807,0.24859368949272975,12840
350709014,0.24653792511182826,12850
350984359,0.24865350192711738,12860
351258441,0.25003128967808613,12870
351566925,0.25098261261120736,12880
351838849,0.2514996346744603,12890
352100367,0.24855870545781675,12900
352400732,0.2521322276741619,12910
352732360,0.2504013724293641,12920
352979775,0.24219758095208893,12930
353235719,0.24936146022414604,12940
353473775,0.25100949467289313,12950
353737853,0.24908973474593918,12960
353995621,0.25007015521843823,12970
354275125,0.25267641104958133,12980
354544049,0.2510234213374836,12990
354867085,0.24796974940117084,13000
355122751,0.2434466014933755,13010
355455487,0.24950198097813037,13020
355794645,0.24807341829558066,13030
356074323,0.24751148564238123,13040
356345354,0.2511450762181915,13050
356651892,0.24795424889058526,13060
356963669,0.2532367136799542,13070
357223263,0.24760791139411442,13080
357446096,0.24864949789456162,13090
357693274,0.24923591308396337,13100
357922754,0.2460542348470693,13110
358217516,0.25061481591522144,13120
358489013,0.2511955586305062,13130
358730250,0.25063345970506573,13140
358980581,0.24723372059533374,13150
359226440,0.24957122111722932,13160
359493385,0.24702571157588643,13170
359769292,0.24844724463234852,13180
360058731,0.25341572673957113,13190
360358488,0.2471415691232688,13200
360650112,0.2518246209215306,13210
360933633,0.24451341374612376,13220
361207469,0.2524483922096503,13230
361440219,0.25115838909761534,13240
361727970,0.25213511554220785,13250
361968853,0.24587474737832407,13260
362252515,0.24618821982883327,13270
362502642,0.24800298802404547,13280
362755245,0.25083611750939555,13290
363044612,0.24940556473924502,13300
363342732,0.24652868999810398,13310
363597269,0.24639259725787943,13320
363887620,0.2492496981012564,13330
364231117,0.2501696953808889,13340
364555130,0.248446906341454,13350
364838249,0.2507484595512049,13360
365090179,0.2492548893282836,13370
365340736,0.24762105281212538,13380
365579250,0.2516254831309544,13390
365819901,0.24779861534177125,13400
366078582,0.24706478812732546,13410
366377313,0.24990454585980668,13420
366638304,0.2514470006048246,13430
366897606,0.25353400325167424,13440
367182247,0.2502654873781639,13450
367509236,0.2496726146851407,13460
367752563,0.24614243918457546,13470
368005595,0.2486761075516669,13480
368249567,0.2471020472140673,13490
368515334,0.24928633601518066,13500
368777754,0.2503139006190346,13510
369037834,0.24753472195705373,13520
369310015,0.24737194025913775,13530
369624735,0.25024088226017055,13540
369946889,0.2517679352016696,13550
370207451,0.2478146130355149,13560
370497105,0.24671347343404793,13570
370770576,0.25170696700382544,13580
371075818,0.2513286628647003,13590
371331148,0.24937362622662013,13600
371594317,0.2511671310352488,13610
371841070,0.2518194948473032,13620
372088369,0.247222114165628,13630
372363676,0.2526243614640399,13640
372612531,0.24996880866925997,13650
372886851,0.25052607831994533,13660
373154787,0.24875699268399465,13670
373424412,0.25047875975600975,13680
373691788,0.24990783182539916,13690
373999625,0.24674678754202928,13700
374287934,0.2496645230773493,13710
374549002,0.2460775592830619,13720
374806076,0.24897025219324445,13730
375079049,0.2476532662262261,13740
375315635,0.2463217337472098,13750
375582594,0.2512321248106593,13760
375827654,0.2514875784003819,13770
376085802,0.24893554151529873,13780
376340166,0.24585645895794367,13790
376597188,0.24762394705218468,13800
376914745,0.25095514261940594,13810
377219976,0.24750361542015553,13820
377496467,0.253498516226256,13830
377734816,0.2433607056313333,13840
378009550,0.24745025226665268,13850
378253228,0.2505609823929213,13860
378517357,0.2501865547619354,13870
378773195,0.2515165684586864,13880
379058633,0.25036738451822343,13890
379342166,0.2533245405133653,13900
379627256,0.24992679850132465,13910
379895166,0.25035144371076123,13920
380180769,0.2503880317752101,13930
380458897,0.2499182735085838,13940
380759459,0.2478249863127514,13950
380979775,0.24851223725432953,13960
381213494,0.24522446153986438,13970
381483092,0.2521749641622261,13980
381753634,0.24955338190572068,13990
382044148,0.2507358580754914,14000
382263483,0.2525606880602091,14010
382556944,0.24574558628301943,14020
382817191,0.24318401474803722,14030
383086140,0.24420266369013255,14040
383335648,0.24442773819982658,14050
383612091,0.2430617763404922,14060
383876946,0.24559524004028296,14070
384122702,0.24627132929215284,14080
384424390,0.2422865333024312,14090
384731818,0.24679123786315812,14100
385002645,0.2443688821949285,14110
385327873,0.2388920945482425,14120
385590219,0.2473093650343604,14130
385878267,0.24730287532804615,14140
386179469,0.25000416699901507,14150
386411118,0.2466582318122705,14160
386695996,0.24152816743060573,14170
387008132,0.2405966118986493,14180
387290397,0.24455005334746702,14190
387559285,0.24683513270541807,14200
387831006,0.24283130862803995,14210
388059572,0.23971589616730266,14220
388326391,0.2383721599854971,14230
388628823,0.24334333158491972,14240
388906263,0.24410675456430417,14250
389228624,0.24251269603851194,14260
389474333,0.24717192965651363,14270
389794363,0.24463817296365778,14280
390032266,0.24615202583150378,14290
390323005,0.24471550302651676,14300
390588431,0.24435807680551083,14310
390846063,0.2417501456298063,14320
391077019,0.2404622598679631,14330
391387050,0.24562987966821023,14340
391620417,0.2433050322023036,14350
391913018,0.2470842657992899,14360
392159157,0.2444917521345506,14370
392491441,0.24098028320925674,14380
392760037,0.24387749660087582,14390
392981310,0.24336987326463896,14400
393200576,0.24122541113934298,14410
393482288,0.24407005504122398,14420
393733883,0.24354559793426658,14430
393992412,0.2431761465094884,14440
394235665,0.24265473532279958,14450
394469150,0.24519021599640786,14460
394747715,0.24520450125905938,14470
394998852,0.24448922574040718,14480
395258485,0.23592937113329585,14490
395501092,0.24076960252434368,14500
395799695,0.24670377552226058,14510
396094460,0.24598151128821655,14520
396366967,0.24281073046756402,14530
396589831,0.2419610210408269,14540
396878290,0.2395994149138942,14550
397172124,0.2481925428896314,14560
397456509,0.24556213701056892,14570
397686317,0.24629709177744172,14580
397994854,0.24339029841068413,14590
398243062,0.2458738465518684,14600
398550212,0.24557697268597173,14610
398814982,0.2483778477495682,14620
399072253,0.24354112642305392,14630
399348021,0.2453187633495248,14640
399646444,0.2463501708496419,14650
399928843,0.24619916140943512,14660
400215634,0.24343609384560255,14670
400476310,0.24533225622811058,14680
400746785,0.240628012307573,14690
400983391,0.24572989197949724,14700
401257282,0.2458375392107906,14710
401500933,0.24573778415519956,14720
401763907,0.24247930820227795,14730
402028038,0.2424787772588996,14740
402288228,0.24300023180269767,14750
402602187,0.2464091157115804,14760
402878547,0.2441282249039636,14770
403189967,0.2479996806707379,14780
403392129,0.23868876159607116,14790
403699227,0.25142665390041635,14800
403949430,0.2447825181077678,14810
404207123,0.24502994308971662,14820
404548639,0.24414639530105692,14830
404882804,0.24439026135169228,14840
405205933,0.24415886406119283,14850
405441990,0.2408108989418433,14860
405762961,0.24735981229505055,14870
406098622,0.24207584593994275,14880
406367505,0.24618261386466914,14890
406627112,0.2454249878660704,14900
406858269,0.24241696250867137,14910
407117978,0.2449700015361104,14920
407352904,0.24334740690275344,14930
407630975,0.2462077568280773,14940
407901098,0.2461030957969212,14950
408196720,0.24730229393858122,14960
408494886,0.2449328952213763,14970
408725008,0.24036987234388907,14980
409003826,0.2477441088641788,14990
409275636,0.24643028388422533,15000
409506055,0.2437517545793743,15010
409760134,0.24674468248034065,15020
410025767,0.24582103874344124,15030
410257122,0.2401627898906069,15040
410547817,0.24785285123751402,15050
410812860,0.24608162140476586,15060
411043784,0.24329210207232524,15070
411291489,0.2408738833541339,15080
411547185,0.24283869847597872,15090
411858531,0.24822314257909395,15100
412185568,0.24511081381104907,15110
412416977,0.24032788056561577,15120
412670514,0.24224794505515143,15130
413000776,0.24520218614788278,15140
413290315,0.24457739258953823,15150
413546893,0.24103315843111886,15160
413831385,0.24615494963237844,15170
414136517,0.24674909873362588,15180
414375083,0.2442695578887307,15190
414674572,0.24108436875038558,15200
414963920,0.24373285368519287,15210
415237903,0.24467714910637842,15220
415522683,0.24791976896430662,15230
415780945,0.24444203254390726,15240
416085813,0.24553570831395732,15250
416378211,0.24656312219456064,15260
416652387,0.24433644174203722,15270
416923630,0.24385152271655333,15280
417177329,0.24386598081505512,15290
417490958,0.24814177812736093,15300
417764557,0.24628115907526546,15310
418057850,0.24783386353997183,15320
418346336,0.24266774478602923,15330
418606566,0.24609400935975467,15340
418899684,0.242056091613802,15350
419171673,0.2449865783932523,15360
419419027,0.24183902025587317,15370
419682258,0.24751549369829448,15380
419967561,0.2460750741074798,15390
420273098,0.2494616267844209,15400
420539926,0.24281050636604265,15410
420800167,0.24933948409239942,15420
421102532,0.24484735090259507,15430
421366300,0.2440717192341611,15440
421625126,0.24263118852295143,15450
421853756,0.24217933811659473,15460
422114259,0.23793723987479015,15470
422360638,0.24471935060365213,15480
422613403,0.24201434647178627,15490
422882895,0.24888750922946687,15500
423132212,0.2483366697325698,15510
423342509,0.24300167934617212,15520
423601844,0.2500344755511141,15530
423869463,0.23919109113529977,15540
424119962,0.23863757248153705,15550
424381075,0.2424213482165865,15560
424639989,0.24541420722173843,15570
424916566,0.24249863574340522,15580
425196645,0.23933974647643178,15590
425465876,0.23949025204359328,15600
425726472,0.24199351280387446,15610
426006478,0.24609231507576998,15620
426296956,0.2462458159812901,15630
426579041,0.24421249989867855,15640
426837589,0.24424689930003957,15650
427089345,0.24042421047701423,15660
427427145,0.2373019220642848,15670
427740353,0.24084356097304904,15680
427974190,0.24245519023406095,15690
428287384,0.24743034169796715,15700
428525089,0.24323400471614834,15710
428811737,0.24885849618797815,15720
429060290,0.24311155763756817,15730
429348913,0.24841404505474873,15740
429632039,0.24455021260803672,15750
429945057,0.247308323301118,15760
430200664,0.24753157529679973,15770
430454545,0.24210109019637138,15780
430743528,0.24724271218208393,15790
431019716,0.24130903631260836,15800
431280989,0.2465161117449762,15810
431544057,0.24845219459056883,15820
431858955,0.24772182275602564,15830
432169272,0.24713510992327414,15840
432487180,0.24429585587639943,15850
432745837,0.24477304919268553,15860
432980809,0.24512347959328418,15870
433230958,0.2475176372698212,15880
433520628,0.24837765228369044,15890
433803615,0.25016885523796956,15900
434063866,0.24104670404708034,15910
434363641,0.24888542567734018,15920
434646537,0.24387561845624786,15930
434947618,0.24316321544308983,15940
435230083,0.24332182144578876,15950
435498421,0.24680322700711058,15960
435791151,0.24941664012160444,15970
436089050,0.24671174592997325,15980
436340112,0.24362034377824596,15990
436634708,0.24713745388356254,16000
436912036,0.23958868465648886,16010
437178082,0.24554671836315095,16020
437435174,0.24088228425578165,16030
437677246,0.24389203249136257,16040
437952479,0.24683622711979653,16050
438208854,0.2448177584992152,16060
438508656,0.24637028972413053,16070
438797705,0.2478212283608692,16080
439082948,0.24797776770601984,16090
439318281,0.24380074748163988,16100
439546630,0.24483380711472114,16110
439781310,0.24122489217404233,16120
440038427,0.2419361990851325,16130
440301566,0.24818439763792435,16140
440571238,0.24226245509983,16150
440846938,0.2440799403412927,16160
441116148,0.24560437570155735,16170
441394803,0.24805177704011394,16180
441609102,0.24981571255798857,16190
441903855,0.2425426758837373,16200
442144683,0.2465598955597752,16210
442387361,0.24243574922284272,16220
442690420,0.24410835989573074,16230
442988307,0.24454428932883523,16240
443244667,0.2474319025422461,16250
443500753,0.23957478906786797,16260
443785081,0.24292333979034508,16270
444038177,0.25055015111829154,16280
444330688,0.2459497971602998,16290
444634217,0.24241086682142882,16300
444881720,0.2439190750159734,16310
445153334,0.24479153477005672,16320
445432656,0.24635112126101139,16330
445678098,0.2511999568951984,16340
445950734,0.2459183534528358,16350
446257015,0.2431461894782281,16360
446571977,0.24310735247050835,16370
446877628,0.24314899653758767,16380
447103252,0.24535367125226878,16390
447380880,0.24241287085095067,16400
447747288,0.24540368827855644,16410
448034729,0.2475373928279111,16420
448327976,0.24748060428614446,16430
448668294,0.24735255507800238,16440
448942004,0.2460672854678546,16450
449241391,0.24593962127087163,16460
449511798,0.24427739206666013,16470
449816029,0.24596148385427516,16480
450079829,0.24816980647508352,16490
450401117,0.24155062561777677,16500
450678076,0.2479492731594851,16510
450937367,0.24627118822403862,16520
451219939,0.24345840994675105,16530
451468951,0.23975299890680465,16540
451728622,0.24774563436662067,16550
451995106,0.24537327687187352,16560
452285592,0.2458377887898917,16570
452565068,0.2467607141713627,16580
452807422,0.24460211461269188,16590
453045627,0.24727166747135768,16600
453310769,0.24555101521048445,16610
453593646,0.25064465620267495,16620
453862871,0.24650076629419593,16630
454131726,0.24773482229339136,16640
454398775,0.24562151615436262,16650
454685352,0.2506617385875259,16660
454981147,0.24477524407345555,16670
455264802,0.2479760020764371,16680
455553230,0.24490913826693106,16690
455788789,0.24469174091657994,16700
456033541,0.24795200701186917,16710
456282134,0.24757836255928614,16720
456543348,0.24252560352370872,16730
456805572,0.24836762168869975,16740
457048682,0.24701680416758967,16750
457363808,0.2432192783513211,16760
457606505,0.24372741651197383,16770
457907012,0.24256252561296734,16780
458206145,0.2505050175938316,16790
458474193,0.24518234917809464,16800
458712995,0.24847206383809542,16810
459037631,0.24760614835257552,16820
459357076,0.24582212069731946,16830
459621978,0.24655109899964597,16840
459888789,0.24360686258762748,16850
460102299,0.24137294136307186,16860
460355533,0.24552420002809264,16870
460669559,0.2501277941885574,16880
460937378,0.24551148874432008,16890
461153229,0.2477705192381352,16900
461436036,0.2475343833762533,16910
461697921,0.2472169521987059,16920
461981954,0.2440808949016202,16930
462287107,0.24500473482175916,16940
462535853,0.2433437852159903,16950
462859490,0.24647506097703778,16960
463145956,0.245299431681375,16970
463387167,0.24250707184866574,16980
463616170,0.24244338007844504,16990
463846039,0.24347361915012924,17000
464089344,0.24386552797807015,17010
464352427,0.25253265051356466,17020
464590572,0.24880262280374468,17030
464895842,0.24836409237722953,17040
465159244,0.24089027906137306,17050
465400110,0.2404820313572921,17060
465666780,0.24583111175542485,17070
465911797,0.24533179651855597,17080
466197779,0.23990080821764603,17090
466484360,0.24676075111914797,17100
466782370,0.2478662253868811,17110
467065260,0.24191658926426238,17120
467344650,0.24699785367654847,17130
467587933,0.24453739537439212,17140
467868167,0.24936592940060442,17150
468156708,0.24753838130864303,17160
468422931,0.2499820709904042,17170
468700609,0.24396589168742183,17180
468962796,0.2432792962920409,17190
469257140,0.2436159263112437,17200
469545328,0.24110837607853045,17210
469829756,0.24689584055890107,17220
470100968,0.24471308453248278,17230
470391841,0.2421654813399219,17240
470658158,0.24607180111961816,17250
470929909,0.24390315517751304,17260
471196514,0.2451131504954335,17270
471435107,0.24569740689889302,17280
471664223,0.2517689447896527,17290
471923346,0.24224835842401746,17300
472186438,0.2441677961758941,17310
472528111,0.24144981365376472,17320
472758369,0.24540676023199645,17330
473022529,0.24212195365726222,17340
473287080,0.24231778024653483,17350
473581853,0.24815232275179913,17360
473859136,0.2466437645109769,17370
474165463,0.2446473428681264,17380
474468573,0.25004238958061414,17390
474730836,0.24496838154967737,17400
474948703,0.2460033998197733,17410
475241907,0.2515804914558459,17420
475525139,0.2437098740081434,17430
475745419,0.2442801030679658,17440
476057106,0.24684603837213923,17450
476393445,0.24855111948911587,17460
476676278,0.240321647129363,17470
476938976,0.24818757520639192,17480
477214517,0.2446534206523491,17490
477443806,0.2446714351761067,17500
477731853,0.24502595748263742,17510
478046254,0.24879826333971566,17520
478301380,0.23734193849393906,17530
478549661,0.235526476221865,17540
478814162,0.2399911266958061,17550
479075038,0.2403542213404826,17560
479377317,0.23918033907139952,17570
479640379,0.2411197422626848,17580
479935098,0.2355098451511504,17590
480209313,0.2349118044672041,17600
480442531,0.23511206910636623,17610
480691975,0.23898766659550952,17620
480953312,0.23991511555925954,17630
481239063,0.23518531869047946,17640
481534579,0.2399715437395343,17650
481780747,0.2400620025893666,17660
482045169,0.24005267141587794,17670
482291673,0.23753244250798905,17680
482527319,0.2343939332227923,17690
482823449,0.2406718117503282,17700
483149241,0.23697009848167913,17710
483441095,0.23893159561630714,17720
483729593,0.24041024132342986,17730
484045683,0.23824147465319484,17740
484338115,0.23991765923838798,17750
484626678,0.2428524677598816,17760
484874015,0.24249797263536382,17770
485113584,0.23998899234042403,17780
485400314,0.23693603181300282,17790
485636404,0.23754909910560915,17800
485921559,0.23836371634141093,17810
486182625,0.23670766315158057,17820
486467996,0.24126661788181258,17830
486720415,0.23528319888344743,17840
487007410,0.23753326012400786,17850
487277821,0.2430025747570798,17860
487522727,0.23883871194632555,17870
487738164,0.23814010032044108,17880
488021444,0.24107245481462483,17890
488279935,0.23747593284010585,17900
488520109,0.2340432758220953,17910
488748627,0.24325181205111612,17920
489036272,0.2409114967776608,17930
489402276,0.23684741747354807,17940
489680809,0.2382244982673479,17950
489947498,0.24755929713590993,17960
490260379,0.23820874875064577,17970
490522462,0.2395925369676859,17980
490789186,0.23884524972677668,17990
491082383,0.23482182560902318,18000
491382490,0.24079929697422736,18010
491662865,0.24108587999166206,18020
491993380,0.23430028880290188,18030
492285415,0.245040712525224,18040
492545635,0.23962711070475526,18050
492830244,0.24093113486290654,18060
493112464,0.2415141178409373,18070
493364844,0.24760700064171198,18080
493644627,0.23718121637285078,18090
493937514,0.23585644739006292,18100
494236937,0.24631251246769206,18110
494509902,0.23723304884800508,18120
494785354,0.2359989647450636,18130
495066384,0.2451245376604929,18140
495333710,0.23888900887084902,18150
495629794,0.2370115324396226,18160
495913715,0.24240912977244508,18170
496216600,0.24300386381118705,18180
496464494,0.23809865762682347,18190
496762826,0.243719452634452,18200
497043434,0.24081540024115278,18210
497311113,0.24603939442946585,18220
497581682,0.23878784681942603,18230
497923673,0.24468393728512297,18240
498205753,0.24431616995102254,18250
498444860,0.2363394325812979,18260
498698192,0.2379244760791758,18270
498972572,0.24055345201081757,18280
499209015,0.2319116361306827,18290
499449952,0.23957733715082247,18300
499728099,0.24007187776043537,18310
500068897,0.24240273566102163,18320
500317826,0.2341242984939069,18330
500621896,0.24334497254502313,18340
500887838,0.2411345077938576,18350
501194648,0.24661394535148876,18360
501476242,0.24569052778966896,18370
501750936,0.240250391935635,18380
502031581,0.24068298652021225,18390
502289583,0.23942910766030465,18400
502573463,0.24679983689344215,18410
502856208,0.24154672797076535,18420
503142905,0.238072491568736,18430
503408067,0.24225280443838276,18440
503687021,0.23589944836937524,18450
504022080,0.24058943215196696,18460
504272711,0.2367704363901432,18470
504541178,0.23893448705531817,18480
504810455,0.23708188961713741,18490
505043242,0.2378853588738529,18500
505302692,0.24348348312704265,18510
505668881,0.2415051235428307,18520
505961866,0.24116402065306963,18530
506230822,0.23618975975882567,18540
506504666,0.24041661037706152,18550
506765562,0.24230604145013535,18560
507057971,0.2398427278699751,18570
507331487,0.2378940763619843,18580
507625320,0.24227216623688314,18590
507926492,0.24438911178617057,18600
508224499,0.23564083479506798,18610
508467389,0.24170306259315757,18620
508703509,0.24042985344240506,18630
508982388,0.24272268409906186,18640
509295147,0.2404790563022604,18650
509648692,0.24188669815903674,18660
509967361,0.24080197388733218,18670
510247760,0.2393616167185086,18680
510546287,0.24203058607072028,18690
510786575,0.24210226535168808,18700
511049806,0.24269797585227273,18710
511366102,0.24205391791588457,18720
511606184,0.23766642598301133,18730
511906876,0.24888384273996772,18740
512222258,0.2464837357602175,18750
512492692,0.24089891619423245,18760
512757640,0.2404221804093315,18770
513066166,0.241872702604354,18780
513343778,0.24009042290209273,18790
513570604,0.2439784331406803,18800
513850667,0.24100826813086443,18810
514128779,0.2443103634369146,18820
514390300,0.24037872359544568,18830
514639560,0.23634268358038663,18840
514893055,0.23850612449111822,18850
515128782,0.24147170795738063,18860
515406277,0.24254992251438295,18870
515704959,0.23709315868541153,18880
515947270,0.24254163395971884,18890
516217881,0.23985443215204602,18900
516487476,0.23843442349004698,18910
516750261,0.24083583727344546,18920
516965031,0.23365417491137366,18930
517211599,0.2394546506150199,18940
517485358,0.23636300095496282,18950
517796816,0.2424340956841754,18960
518054102,0.24116291005410356,18970
518321416,0.2405350627833556,18980
518597245,0.2400793067440989,18990
518888812,0.24221937449111441,19000
519150472,0.23847198194974176,19010
519424637,0.2429497164266002,19020
519716420,0.24315379043847848,19030
519989139,0.23758518373778456,19040
520280541,0.23933026259376078,19050
520567295,0.2441812284127029,19060
520828709,0.24063105329470652,19070
521081672,0.24514332384166151,19080
521387310,0.23982079185346344,19090
521583197,0.23762633041412182,19100
521828502,0.2412506899668064,19110
522119426,0.24066901374755953,19120
522397038,0.24300429724982214,19130
522705505,0.2434694681468327,19140
522959196,0.2316585426841288,19150
523264867,0.23944390939635873,19160
523608247,0.24425560324752896,19170
523866917,0.24366046464553243,19180
524099088,0.24423254517866438,19190
524400664,0.23990518523906354,19200
524644535,0.24259258562374053,19210
524922094,0.24107483052080136,19220
525199078,0.24311832459226823,19230
525474104,0.24278652445180557,19240
525760317,0.24018562919186798,19250
526042897,0.2445803890227051,19260
526283684,0.24253332005206749,19270
526562156,0.235649259681108,19280
526810673,0.23303675234526292,19290
527075160,0.23511013715980117,19300
527345493,0.24249892572937723,19310
527610626,0.24461833392139956,19320
527953982,0.2414785444846935,19330
528246964,0.24478480037023678,19340
528510049,0.24638291319540437,19350
528782488,0.24418351787603398,19360
529062437,0.24166844078797575,19370
529348237,0.23824053830853006,19380
529632474,0.24159186653316267,19390
529846668,0.24570673098045195,19400
530116897,0.24380238043279231,19410
530356094,0.24224676686783594,19420
530671309,0.24605477882544394,19430
530953681,0.24123434098676028,19440
531233750,0.23897562524229607,19450
531507150,0.23989956622709963,19460
531815877,0.2438689842026829,19470
532065905,0.2383680449200732,19480
532305809,0.23837735589709494,19490
532583194,0.2406942199637387,19500
532886350,0.24256493067479395,19510
533147154,0.24439341881473198,19520
533371154,0.24079695717846542,19530
533602306,0.24312240174416735,19540
533850287,0.24356369731696745,19550
534134676,0.24473031652092994,19560
534390251,0.24223852822055986,19570
534684097,0.24304447505768204,19580
534931024,0.24097830946845394,19590
535205143,0.24615037855951907,19600
535503759,0.24155621312475667,19610
535758228,0.2401653640612903,19620
536040597,0.23916047485726394,19630
536350354,0.242841933929226,19640
536616877,0.24194310195906762,19650
536845649,0.2383200117671949,19660
537135331,0.2429608977374391,19670
537423663,0.24426608832237343,19680
537705002,0.24569254673508722,19690
537953955,0.24101857591966733,19700
538224653,0.24273812270148074,19710
538496887,0.24246003551051556,19720
538760063,0.24091484166527685,19730
539026556,0.2376318214992197,19740
539255266,0.2425329117710082,19750
539515631,0.24184219855320818,19760
539805261,0.24106848482492124,19770
540107541,0.2383485582612414,19780
540375743,0.236075827695095,19790
540625796,0.24025653422705587,19800
540915334,0.2429536893391548,19810
541184769,0.24232254226957262,19820
541428791,0.23878593910226914,19830
541679819,0.24203446005386173,19840
541947608,0.243276518317198,19850
542207326,0.24320768254235656,19860
542445625,0.23739861703516713,19870
542736958,0.24885498391072916,19880
542963504,0.2406217219206925,19890
543200520,0.24419398542421855,19900
543495397,0.24404124210559502,19910
543737090,0.23858688641365325,19920
544032867,0.2428791250286923,19930
544351335,0.24308258166698868,19940
544611884,0.2468764794407639,19950
544930105,0.24587902854039279,19960
545208230,0.24274455863462707,19970
545473185,0.23979737519242308,19980
545736284,0.24866634432666318,19990
546027284,0.24625189977184803,20000
546266768,0.23838891673580384,20010
546505580,0.24291781126686018,20020
546777394,0.2404559213711788,20030
547016145,0.24320693050806858,20040
547271613,0.24567647068680729,20050
547552266,0.24167988732216292,20060
547806312,0.2377715334516142,20070
548067509,0.23735346713699376,20080
548405896,0.24269915738867473,20090
548633215,0.24585814735199676,20100
548963266,0.24216023460944983,20110
549244371,0.23990838277624651,20120
549540471,0.24561998713259448,20130
549823154,0.2409130859375,20140
550140665,0.2413300716684539,20150
550399161,0.24066230142641992,20160
550688307,0.23987761928089066,20170
550923205,0.2411328487252453,20180
551184552,0.2429232147157996,20190
551405681,0.24140882814581066,20200
551680631,0.24495533130787037,20210
551939045,0.2398275151426493,20220
552170832,0.24215397384707618,20230
552416295,0.2383278685730773,20240
552673798,0.24287529166386332,20250
552971220,0.24203005127629415,20260
553219165,0.23832380213222776,20270
553504380,0.2427774542659195,20280
553770058,0.24636472721689756,20290
554054823,0.2381859801725538,20300
554299504,0.24235807111026866,20310
554560489,0.23917869817053344,20320
554794551,0.24124529236948064,20330
555038919,0.24066378538434083,20340
555310615,0.24343202146263476,20350
555670167,0.24554687900304625,20360
555965883,0.242568026689068,20370
556238668,0.24465205367227982,20380
556507002,0.23667837943044856,20390
556775866,0.24193660127636205,20400
557043637,0.2406724723626513,20410
557288265,0.241197600757404,20420
557549243,0.24329097618199097,20430
557850123,0.24009945380340106,20440
558109593,0.24392030051658145,20450
558358977,0.23964623711211963,20460
558599014,0.2381765529756378,20470
558918014,0.23934344432205965,20480
559210009,0.2417230181912703,20490
559412383,0.24213945098924627,20500
559669359,0.24280812271249463,20510
559955716,0.24273940577651515,20520
560175757,0.23888282212476114,20530
560521425,0.24452943261431134,20540
560739103,0.23988410384903489,20550
561005988,0.24137876141670034,20560
561268433,0.23766433878725535,20570
561518598,0.23735851244760273,20580
561799451,0.24547403323837638,20590
562033059,0.23993070439759948,20600
562339226,0.24750126013183374,20610
562633076,0.23934185379660472,20620
562853979,0.2415560921356284,20630
563121143,0.2401558400481386,20640
563417693,0.243621488013991,20650
563718202,0.24070508945204497,20660
563966153,0.24565141065685187,20670
564246917,0.2461829574357053,20680
564500862,0.24383208924073171,20690
564772976,0.2493045463257532,20700
565048740,0.23928678534765016,20710
565340579,0.24330435710788045,20720
565608244,0.24185835370229494,20730
565929661,0.24511920788424318,20740
566222883,0.24367517162444477,20750
566463026,0.24122099549751794,20760
566694715,0.2415135107878597,20770
566950328,0.2407880738395152,20780
567188558,0.24335020694700718,20790
567471477,0.24308541524286353,20800
567733728,0.24125055389308836,20810
568024640,0.24581161807029545,20820
568285246,0.24794892575934416,20830
568551093,0.23750463167164143,20840
568805732,0.24400774029417166,20850
569060138,0.24034364886206458,20860
569352187,0.24140392873301425,20870
569620696,0.2406439531502177,20880
569898717,0.24277323778755247,20890
570193422,0.24260198160449584,20900
570531969,0.24262877908858393,20910
570838956,0.23861021811073616,20920
571114900,0.2450211663016067,20930
571417576,0.2430892134608333,20940
571653806,0.23739877845357593,20950
571898899,0.2405227115616042,20960
572227932,0.24731119741567495,20970
572507476,0.23717614551765373,20980
572739994,0.23566518054258637,20990
573039562,0.24437909044368478,21000
573339913,0.24023180412054365,21010
573628507,0.2379901566348233,21020
573848070,0.23865876474049386,21030
574115536,0.2443360875494385,21040
574386127,0.2353427937288712,21050
574649296,0.23645660375439725,21060
574927831,0.23683877004155254,21070
575244270,0.24137259925798163,21080
575520206,0.2331245842519752,21090
575745091,0.229688502789297,21100
576031201,0.23315206935656652,21110
576269046,0.23693941003435048,21120
576534346,0.23939109499486197,21130
576843961,0.2396362209071742,21140
577132478,0.2317446963325221,21150
577409619,0.23448585558150564,21160
577655157,0.23724024262394414,21170
577943419,0.2312861012237137,21180
578207134,0.23099528430482802,21190
578468052,0.23711640599021058,21200
578716579,0.23243508977260768,21210
578985842,0.23625311394415474,21220
579285377,0.23875342303788755,21230
579542676,0.22843776924757803,21240
579807664,0.23652744349633503,21250
580090482,0.23454093781652102,21260
580418869,0.23092972730989417,21270
580688351,0.23538244004955766,21280
580915538,0.2360337126488779,21290
581157999,0.23788328488513671,21300
581432740,0.2312985984071656,21310
581701286,0.23418940402132923,21320
581998349,0.23819763074948244,21330
582301037,0.24121494886260472,21340
582605766,0.24292043616045553,21350
582877688,0.23514345512135917,21360
583143215,0.2313736510847087,21370
583434165,0.23595097201583465,21380
583765286,0.23562567064229462,21390
584004803,0.23173915457738253,21400
584313262,0.2375946277925899,21410
584592992,0.23729306898450953,21420
584850796,0.2369954044915829,21430
585096899,0.23366722562036313,21440
585334367,0.2346470369986291,21450
585613903,0.2346079564459098,21460
585914834,0.23387726705197084,21470
586161895,0.2297125004198359,21480
586436836,0.23707147297307898,21490
586735039,0.2378438984562092,21500
587006812,0.23456428295851717,21510
587288266,0.23229638379814882,21520
587581892,0.23485203206554864,21530
587831856,0.23473086955518843,21540
588155429,0.23827951564172586,21550
588416883,0.2455550021150235,21560
588702375,0.23579057227312084,21570
588957679,0.23987340763933312,21580
589256312,0.2349001374668898,21590
589502383,0.23767200112837708,21600
589748433,0.2345091444670353,21610
590008270,0.23644029498032795,21620
590281702,0.2292744524388769,21630
590538075,0.23366162591454498,21640
590815039,0.23827839439704562,21650
591089772,0.23965620530202247,21660
591366983,0.23535740865760021,21670
591644932,0.2321465926771784,21680
591941310,0.2367025569804312,21690
592234742,0.23172229979566278,21700
592491902,0.2350148323264793,21710
592780362,0.23864790666734353,21720
593040559,0.23425464700631252,21730
593355373,0.24041825985115947,21740
593651653,0.23743442822411465,21750
593882495,0.23522947094415803,21760
594157042,0.2374206479858856,21770
594434703,0.23437879444600884,21780
594684714,0.23374078990766994,21790
594993808,0.23564407791460434,21800
595278339,0.2354518992984118,21810
595568525,0.2439828215832259,21820
595827192,0.23251539957293327,21830
596103291,0.2395978715586723,21840
596390297,0.24148002567736135,21850
596679619,0.23820702726270207,21860
596953871,0.2286019048093671,21870
597207098,0.2355435069913089,21880
597479813,0.24154998416466944,21890
597735562,0.2288412469762557,21900
597961126,0.23316547314175165,21910
598239874,0.24216292343593537,21920
598473854,0.2336941863084045,21930
598793007,0.2375709336700759,21940
599081545,0.23572046337160238,21950
599335150,0.23643540509388605,21960
599567801,0.23276729485350842,21970
599841738,0.23457512427617727,21980
600112373,0.23611794027710178,21990
600338686,0.2335387604586521,22000
600626299,0.24019711605082994,22010
600860824,0.23377352236741125,22020
601160966,0.24042761379368172,22030
601419782,0.23321730648298797,22040
601710461,0.23417393485592794,22050
602009324,0.23524428111190704,22060
602263862,0.23896652978535168,22070
602541628,0.23442231230613741,22080
602781377,0.2322535627322976,22090
603080896,0.2419655426276865,22100
603352961,0.24039669546124853,22110
603615960,0.23251688871856513,22120
603846630,0.23773486808605296,22130
604105922,0.23802022626605857,22140
604372901,0.23367618916746566,22150
604658723,0.24040893155724585,22160
604944568,0.23592297868737883,22170
605197992,0.23417470136598015,22180
605457838,0.2348935387548848,22190
605718471,0.23850855655902406,22200
606040831,0.23541620119570006,22210
606331383,0.23551146529103054,22220
606606120,0.232207704882326,22230
606869054,0.23330814674189487,22240
607156174,0.2350760015520487,22250
607454702,0.23493079885240925,22260
607680270,0.2307782052015872,22270
607931580,0.2342877299090714,22280
608186995,0.24014921953556395,22290
608445658,0.23478318291741448,22300
608765833,0.2367506829712793,22310
609025241,0.24041734022881467,22320
609309276,0.2365379108155327,22330
609536666,0.23658554893944964,22340
609791016,0.23565903647679917,22350
610067936,0.23519158880793625,22360
610351811,0.2338760678473267,22370
610563326,0.23500238908441531,22380
610831378,0.2397452223378941,22390
611086138,0.23415507747178094,22400
611368793,0.24124767627792526,22410
611642077,0.23633130076543943,22420
611908686,0.23571545403612484,22430
612189495,0.24051175208292175,22440
612415940,0.23377025047996855,22450
612704775,0.24521070654611246,22460
612939921,0.22984492529548772,22470
613214244,0.24033204546281473,22480
613450023,0.23597637194934423,22490
613759645,0.2342724182759134,22500
614010859,0.23552222772456674,22510
614305233,0.2411449586107638,22520
614600032,0.24044355783560775,22530
614851934,0.23583694833773947,22540
615110959,0.23816430232641173,22550
615424312,0.23776734282482595,22560
615709135,0.24066763978634975,22570
615953540,0.24143550196082458,22580
616277542,0.24389694772269296,22590
616538470,0.2444397509622434,22600
616788267,0.23844796734438312,22610
617055958,0.2347890146055573,22620
617290858,0.23777201685580254,22630
617547396,0.23740003463408757,22640
617807217,0.2357026522664318,22650
618072209,0.23839630231764497,22660
618349993,0.23625072254571894,22670
618609189,0.23557235597236112,22680
618920993,0.23643958714487118,22690
619215250,0.23197939712389382,22700
619474772,0.23456613111140895,22710
619802200,0.24258526616937065,22720
620063731,0.23580057594430726,22730
620372792,0.241747578544683,22740
620655423,0.23957197720655474,22750
620904788,0.23959832509182583,22760
621173507,0.2355837972712968,22770
621455149,0.23854408416061018,22780
621710141,0.23304023456761588,22790
621977137,0.23494207418493485,22800
622267412,0.24238911174939973,22810
622508824,0.23812213340725696,22820
622780138,0.23638939123887281,22830
623043418,0.23810764307823956,22840
623327700,0.23963036443117147,22850
623595948,0.2390018689045763,22860
623899092,0.23431482647516927,22870
624166780,0.23655134839143932,22880
624489890,0.23609222396737,22890
624744571,0.23593493086064007,22900
625005264,0.23552010507338256,22910
625257163,0.23873311088214105,22920
625519757,0.2394783180422658,22930
625774496,0.23637427317504325,22940
626043674,0.23760155717839246,22950
626323410,0.2336519669568664,22960
626577089,0.23229079052026155,22970
626856705,0.23996234230521227,22980
627172797,0.23500320597771476,22990
627443784,0.23615418915988567,23000
627717755,0.24098124545837807,23010
628024825,0.23646549076875215,23020
628241617,0.23790264711654383,23030
628527650,0.24090180078736662,23040
628795715,0.23395631179462253,23050
629075878,0.2404790086513929,23060
629390181,0.2401136854947519,23070
629657286,0.23725284933314716,23080
629929957,0.22942589153219772,23090
630203946,0.24534517592806773,23100
630460177,0.23672116558287967,23110
630764925,0.23397996068228324,23120
631048387,0.23952120793816792,23130
631289472,0.2355990698760398,23140
631553357,0.24058850409445748,23150
631854887,0.2361618379165887,23160
632121571,0.2337501507854687,23170
632366306,0.2374660263402014,23180
632677968,0.23707109356978465,23190
632953234,0.2369323418964665,23200
633252490,0.23807151159899798,23210
633528689,0.23537861435947358,23220
633819596,0.23795313693603454,23230
634067271,0.23569499292065008,23240
634320088,0.24569811186545282,23250
634587941,0.23385817066299205,23260
634864833,0.2403084371525405,23270
635113842,0.23518022749179365,23280
635377379,0.23426399370901088,23290
635616519,0.23688578326052828,23300
635907481,0.23681624258312062,23310
636180333,0.24010020240742547,23320
636457512,0.2393362270832315,23330
636739434,0.23443997229640676,23340
636999678,0.24050502300048207,23350
637240418,0.23193847692388198,23360
637505518,0.22968701668614241,23370
637792965,0.23684321356692578,23380
638067732,0.23626928434239844,23390
638292661,0.23584035578638043,23400
638574518,0.23745898716617542,23410
638849440,0.23942355369368562,23420
639149693,0.24150569547766645,23430
639405606,0.2376286334263275,23440
639668565,0.23834920471941862,23450
639908439,0.23824590427369668,23460
640191075,0.24062604581518018,23470
640484699,0.23758457701469954,23480
640731306,0.23255555533869474,23490
640990453,0.23978941776140883,23500
641265719,0.23755753142047908,23510
641582871,0.24564059496994078,23520
641839646,0.24095833639457087,23530
642096087,0.2426352563817349,23540
642340070,0.2357323313027162,23550
642583148,0.23528257273309242,23560
642880076,0.24189117020426054,23570
643152585,0.24076223033184507,23580
643456782,0.238292354309486,23590
643772043,0.23635398104428426,23600
644064802,0.2337595469783279,23610
644364751,0.24551087356134868,23620
644647254,0.2403740915244643,23630
644916066,0.23451201191664148,23640
645173890,0.24028007914254343,23650
645459067,0.24333655097124898,23660
645738809,0.23686300807788369,23670
645971845,0.2381671179194242,23680
646268521,0.2333604738521169,23690
646517587,0.2392265707444811,23700
646870008,0.2412325860774174,23710
647157557,0.23746477355986356,23720
647485455,0.23715677211366626,23730
647741739,0.23927709693189828,23740
648097768,0.23190209750664284,23750
648397419,0.24368744191019606,23760
648667248,0.23929255662590743,23770
648952873,0.23945468708472364,23780
649192455,0.23805214972499542,23790
649467548,0.23302805142827013,23800
649724091,0.24213695441978658,23810
649990185,0.23181256062791583,23820
650251220,0.2357318703274795,23830
650486049,0.24122771647013863,23840
650752796,0.23537139188083012,23850
651013603,0.23757984147605482,23860
651295360,0.23720727513645054,23870
651566664,0.23487502300801702,23880
651825617,0.23481941828778108,23890
652074982,0.23711223995804478,23900
652359188,0.24179419548489967,23910
652619229,0.23395100302906818,23920
652940139,0.2387696023533973,23930
653240642,0.2375939088554353,23940
653504950,0.2391720864450533,23950
653731192,0.2407533298873326,23960
653985132,0.2367650913612626,23970
654257390,0.2360500743992149,23980
654514163,0.23649371872938096,23990
654797612,0.24095062419662075,24000
655095482,0.2368100909963133,24010
655376489,0.2446842475883924,24020
655622557,0.23767621110478593,24030
655878426,0.23220260609901527,24040
656178324,0.2365726161957036,24050
656412932,0.23518410884168062,24060
656676661,0.24079398177631509,24070
656948779,0.23706295929198332,24080
657257686,0.24149982588722266,24090
657532830,0.2363510507322905,24100
657817098,0.23852707637406298,24110
658074726,0.23708726142235134,24120
658405932,0.23425079406767987,24130
658717190,0.2412391174252361,24140
659006469,0.23980378989380532,24150
659258557,0.23142981945055396,24160
659548505,0.24104201928594818,24170
659829354,0.23560098086018808,24180
660138447,0.24051476214533404,24190
660418797,0.24019195411913594,24200
660710719,0.2378372251706229,24210
661035599,0.2360870961010185,24220
661346952,0.2456754750075202,24230
661603449,0.2391133250090433,24240
661894748,0.2404216727793489,24250
662138732,0.23905314445096967,24260
662396661,0.24107127500183115,24270
662689703,0.24402006186154057,24280
662922053,0.23423147652855306,24290
663162716,0.2340742373268741,24300
663486323,0.2402983216303829,24310
663751352,0.23474315448219885,24320
664028332,0.2416939003972176,24330
664327191,0.24535289752237968,24340
664586450,0.23645585758042836,24350
664878200,0.23249947637122076,24360
665168757,0.23732183945388943,24370
665419039,0.2423408061036119,24380
665686804,0.23602747437891886,24390
665984741,0.24190973287814613,24400
666262995,0.23598708839282923,24410
666532371,0.2401707307819441,24420
666816416,0.23715646162827164,24430
667112641,0.2421717378274496,24440
667363518,0.23267097307091228,24450
667632865,0.23817500596035943,24460
667855127,0.23258431876215954,24470
668126388,0.23965881286484184,24480
668376714,0.2413461636646496,24490
668599275,0.23841489685066883,24500
668859123,0.23836156436585132,24510
669121936,0.24550755412433856,24520
669409026,0.23298158594220214,24530
669616393,0.2330929562182241,24540
669928418,0.23429461947452193,24550
670142612,0.23173762721664792,24560
670412998,0.23267076446722948,24570
670682901,0.2341911016149537,24580
670953646,0.23368872637469595,24590
671248451,0.24024409986095474,24600
671542811,0.22710505019962968,24610
671826694,0.23115066594285022,24620
672078832,0.23337432515782502,24630
672396510,0.22666684500970147,24640
672685226,0.22624199971661532,24650
672982507,0.2349739652109953,24660
673253710,0.23353647371177796,24670
673568132,0.23590627522009103,24680
673824190,0.23158359780551901,24690
674099376,0.23280969105710683,24700
674343963,0.23035369674984632,24710
674611931,0.2308881897963901,24720
674874756,0.22572492388847992,24730
675104415,0.2272281467063345,24740
675369544,0.2261226794684518,24750
675666660,0.23494283199916707,24760
675955199,0.22653939055299843,24770
676287797,0.23185768009916471,24780
676552243,0.22437169508273427,24790
676852323,0.23203357279542003,24800
677114814,0.23629013850345482,24810
677363808,0.23196653571733833,24820
677656880,0.2339265289295962,24830
677950101,0.23340435549621272,24840
678273202,0.23070179695771617,24850
678525119,0.23178377980053652,24860
678856767,0.22826293456752073,24870
679089390,0.22897025515634772,24880
679396585,0.23299634010459605,24890
679712856,0.22822287762003216,24900
679982500,0.23345794980009843,24910
680251013,0.22886155862015423,24920
680602000,0.23875898660432632,24930
680893231,0.22700977515036733,24940
681163563,0.23915439704267524,24950
681435255,0.2327773974041235,24960
681665022,0.2294733989258722,24970
681977120,0.233041732136155,24980
682256382,0.22982456954484135,24990
682525190,0.2283226543463476,25000
682786300,0.22729597790549827,25010
683053181,0.2275592182297422,25020
683320706,0.23134282513233878,25030
683593831,0.23598460297025148,25040
683881140,0.23512110971430888,25050
684174826,0.23176358895889504,25060
684452523,0.22823700440503397,25070
684705049,0.23268932450378196,25080
684998946,0.22681111922084485,25090
685372382,0.23627944927403408,25100
685635286,0.22895541616946447,25110
685938648,0.2286260218634112,25120
686200340,0.2318441780358621,25130
686447268,0.23456876097113394,25140
686731380,0.23661595861367501,25150
686983701,0.23122768547310557,25160
687252076,0.23050892816930724,25170
687491399,0.2325157494586254,25180
687767315,0.23628728528267312,25190
688047268,0.22833328460167374,25200
688294355,0.23125817393528597,25210
688561821,0.23219300201863466,25220
688793883,0.23132611541592626,25230
689058122,0.23259303577955615,25240
689307447,0.23074568660640776,25250
689615956,0.22933685071110196,25260
689865246,0.23685419254824944,25270
690091027,0.22796513347998484,25280
690386708,0.23255768533802662,25290
690649536,0.23304874052271024,25300
690900826,0.22926589937318015,25310
691189103,0.23717504057892735,25320
691438516,0.22568086954925512,25330
691704015,0.22878912232143442,25340
691995276,0.23599907263440564,25350
692280430,0.22969163632373216,25360
692555701,0.2343426859682854,25370
692782196,0.22921243427952884,25380
693027501,0.22983470914468637,25390
693316344,0.2280769125760644,25400
693580872,0.22998297521008262,25410
693844728,0.22703326747135993,25420
694152361,0.23287336610844114,25430
694423267,0.2305304317989865,25440
694638289,0.22812787423329714,25450
694859235,0.23275576153637909,25460
695157621,0.23395064721604547,25470
695411479,0.228793730986704,25480
695638142,0.23194520998176077,25490
695908920,0.2307211320373202,25500
696200927,0.24084893516240743,25510
696474102,0.23006783860119107,25520
696752600,0.23576177176526902,25530
697017187,0.23324197335524344,25540
697269430,0.2321062295413235,25550
697545849,0.2341779267209079,25560
697852154,0.23429618169888075,25570
698088728,0.2286400841941774,25580
698384926,0.233387048945197,25590
698670994,0.2382026845855192,25600
698924372,0.22911431305089097,25610
699216083,0.23394066518502799,25620
699495116,0.23061362398477087,25630
699747799,0.22751141352295853,25640
699974574,0.22789001024365696,25650
700252227,0.23142496744791666,25660
700551536,0.23820282247280317,25670
700830741,0.2308824681944414,25680
701127697,0.23376208039903149,25690
701380092,0.22874984921745592,25700
701713368,0.23894002764287564,25710
701945892,0.22998931476533177,25720
702246971,0.23098244001366836,25730
702537599,0.24051799989218162,25740
702789594,0.2299490169485162,25750
703063323,0.22444217303668712,25760
703325012,0.2319425254682465,25770
703563589,0.22676693053525385,25780
703861288,0.22897998715538742,25790
704126281,0.22681285540262858,25800
704444116,0.2316534503191305,25810
704732938,0.23987395028708627,25820
704987025,0.2229228166715272,25830
705232278,0.2353254628922199,25840
705492910,0.23494278416560427,25850
705712691,0.23340314759148492,25860
705960508,0.2337967757340316,25870
706239859,0.2382460041118982,25880
706551389,0.23959203456651823,25890
706835500,0.23359363411046283,25900
707128636,0.23628038557836636,25910
707366025,0.2341088403248999,25920
707678660,0.233447606941706,25930
707974510,0.22827977208400543,25940
708239665,0.2296013831854781,25950
708477437,0.22674595234153003,25960
708746147,0.2306339755197137,25970
708985188,0.2316865057034341,25980
709284532,0.23439855889413286,25990
709561989,0.2349333218957602,26000
709788493,0.22698226440811303,26010
710084695,0.22852336863909137,26020
710414040,0.23420573779005532,26030
710679176,0.22635366092412976,26040
710977105,0.23703964895046095,26050
711240806,0.2292202555320174,26060
711533681,0.22865626569184316,26070
711820320,0.23028813459581077,26080
712121375,0.23375555397807687,26090
712409833,0.2280239838404864,26100
712670787,0.23129613763581963,26110
712960660,0.23058595677425986,26120
713230850,0.2334781951517885,26130
713526140,0.23343702542516834,26140
713779038,0.2290766160436137,26150
714021309,0.22462190897739348,26160
714314816,0.22826397808049087,26170
714559626,0.23175963895346954,26180
714887189,0.23065179533770694,26190
715162107,0.2241365026255123,26200
715410640,0.2317285183941424,26210
715673319,0.23327958491377515,26220
715927761,0.2407776657087642,26230
716171202,0.23244311871950382,26240
716436105,0.23929557216450809,26250
716700366,0.23267041414308412,26260
716968911,0.23611356513141651,26270
717264044,0.2307572073828984,26280
717509147,0.23743364357308294,26290
717757528,0.227893522780772,26300
718025383,0.23480579820403572,26310
718311572,0.23694862018931995,26320
718586156,0.23164879904343724,26330
718894987,0.23788764741564056,26340
719189905,0.23213999797226692,26350
719461625,0.23075129928874952,26360
719786681,0.22974223741683522,26370
720051210,0.2269752266121719,26380
720329006,0.2336638964348033,26390
720577313,0.23005182573643607,26400
720876980,0.23272324450151916,26410
721146270,0.23531261486011548,26420
721432531,0.23176725701512774,26430
721681680,0.23123027888274944,26440
721971296,0.2352250056358464,26450
722228317,0.23152160565539745,26460
722517794,0.23365591453756387,26470
722786599,0.23524051342748267,26480
723067062,0.23421398326139542,26490
723320546,0.23612214260428194,26500
723639817,0.23550889491398394,26510
723899712,0.23495712101090446,26520
724151300,0.2286136804775116,26530
724414597,0.2302552904543238,26540
724690723,0.22938417905097935,26550
725000386,0.2301844559732929,26560
725269523,0.2314760041783384,26570
725532121,0.23144676513055046,26580
725786542,0.2314757689486547,26590
726021343,0.2368010409483365,26600
726327175,0.23186960665657427,26610
726566184,0.22628942596586013,26620
726866977,0.23286314621388096,26630
727112761,0.2289794082426455,26640
727427616,0.23502201200141803,26650
727673317,0.22769361970744814,26660
727928443,0.2281710993588502,26670
728199552,0.23427423047022192,26680
728489194,0.23236498214157406,26690
728716682,0.23484686683096354,26700
728960718,0.22781928552378228,26710
729226399,0.22910087753480923,26720
729495578,0.23127671752915308,26730
729792752,0.2351340067380953,26740
730070186,0.23739203917292084,26750
730349855,0.22969535956072804,26760
730626689,0.23412747463162284,26770
730931617,0.23558444583035637,26780
731183892,0.2339549065907683,26790
731415102,0.23308250867440436,26800
731705569,0.23460777804085134,26810
731972344,0.23149731219778436,26820
732228712,0.23256323455473835,26830
732510219,0.23727634859846905,26840
732770702,0.23061601706744891,26850
733027627,0.23498642055006858,26860
733272180,0.2352164571072181,26870
733570473,0.24439873712799354,26880
733820185,0.2390818446157778,26890
734111511,0.23402177003202024,26900
734404927,0.23574355414597675,26910
734697286,0.23482018734546417,26920
734965837,0.23293590298897734,26930
735264868,0.2361019526059327,26940
735576228,0.23729200077155507,26950
735864819,0.24044521697176477,26960
736127777,0.23930748961708473,26970
736382711,0.23788515437051994,26980
736651218,0.2348309157578647,26990
736947228,0.2385075838779052,27000
737194001,0.23719909560446453,27010
737438641,0.23227147530170672,27020
737730771,0.23126857293315062,27030
738010100,0.2334393417519767,27040
738257013,0.23849156446691872,27050
738538810,0.22974023319137482,27060
738797286,0.23532803810991235,27070
739133942,0.23355690182383942,27080
739396772,0.22703985876457153,27090
739648275,0.23475169771544083,27100
739902557,0.2275300501146214,27110
740201584,0.23114875497520251,27120
740416829,0.23027115455255617,27130
740737528,0.2382936797012828,27140
741012113,0.2304414747557374,27150
741296827,0.23409612841921856,27160
741552024,0.22671806319952817,27170
741879355,0.22945824250435506,27180
742128060,0.23832400138543453,27190
742395596,0.2321742700977689,27200
742620369,0.22928316176807034,27210
742874854,0.2350547967398439,27220
743164528,0.23425562347219697,27230
743434403,0.23830427820870112,27240
743765266,0.24068232747116516,27250
744055716,0.23259415165070566,27260
744338122,0.23076820464404552,27270
744650581,0.23135606413698692,27280
744994907,0.23582431824064864,27290
745278900,0.23931267551106628,27300
745555481,0.2337298633908711,27310
745831227,0.23366704115121684,27320
746057643,0.23604494652731814,27330
746306252,0.23319998334037728,27340
746570092,0.23318161432937043,27350
746852210,0.24503116227379404,27360
747153688,0.2395414800105628,27370
747410726,0.22942154766206474,27380
747696426,0.2274833118188301,27390
747965438,0.2391940639953247,27400
748245113,0.2332690582497638,27410
748525022,0.23119694294373683,27420
748803486,0.2305253702150859,27430
749029361,0.22398677356089464,27440
749309922,0.23473557420780747,27450
749600468,0.22868246583258325,27460
749817865,0.23686202762565775,27470
750138790,0.23032716229118425,27480
750391571,0.22718907405467836,27490
750655950,0.23408842104453223,27500
750949893,0.23393642356395256,27510
751213686,0.23265316948845197,27520
751485438,0.23501513115547734,27530
751769652,0.2346308080464871,27540
752043654,0.23385419875821967,27550
752300856,0.23463429226578733,27560
752533822,0.23430787905372702,27570
752770919,0.2295054271319642,27580
753008149,0.23238291607777167,27590
753313194,0.23638075420360719,27600
753548602,0.23414680279822728,27610
753850845,0.23728336003664258,27620
754177591,0.23507831650271063,27630
754433478,0.23517474726217283,27640
754700383,0.22953875413300226,27650
754972242,0.22937422139861469,27660
755262510,0.2317953062479351,27670
755552773,0.2304167252946673,27680
755793667,0.23542601056544812,27690
756135591,0.23349688977214242,27700
756397006,0.2345945934858131,27710
756658873,0.22991285970724154,27720
756884385,0.22950112174181642,27730
757107146,0.23273259482285405,27740
757398669,0.23369529859077073,27750
757691557,0.23446068222356067,27760
757987712,0.23518478487377673,27770
758255454,0.2291678275545515,27780
758513429,0.23459414587210173,27790
758739281,0.23131141765331775,27800
759013157,0.2305250943709651,27810
759284154,0.231620499404047,27820
759490793,0.23219311247692223,27830
759722714,0.2381850889150654,27840
759972919,0.23615234297421156,27850
760199244,0.23314525724818488,27860
760507282,0.23503910122495708,27870
760776147,0.23746063956062183,27880
761102310,0.23357736532456605,27890
761386073,0.22966003754213551,27900
761642369,0.2294530997289182,27910
761931850,0.237939251873745,27920
762174421,0.23564617987644657,27930
762416382,0.23447561145835522,27940
762693396,0.2285915683806303,27950
762984468,0.2426700281334481,27960
763257484,0.231790140348591,27970
763542459,0.2372293503176699,27980
763852200,0.2374275660799355,27990
764104964,0.2383827484528813,28000
764374973,0.23106364416198702,28010
764648117,0.23228674974758412,28020
764891016,0.23192853881639788,28030
765163887,0.22884944301392007,28040
765432088,0.22501940344470422,28050
765747164,0.22437628496747147,28060
766055328,0.23188651699858473,28070
766308245,0.22464810204972055,28080
766562892,0.21609929826439428,28090
766846989,0.22490882579358487,28100
767154231,0.22456722668130952,28110
767436662,0.22757642767749472,28120
767687704,0.22263746159780917,28130
767951126,0.22488865010198453,28140
768229876,0.22313134605293003,28150
768507430,0.2221259772423625,28160
768811705,0.22490085180202196,28170
769080576,0.2328006740575203,28180
769362979,0.22172600579323481,28190
769621528,0.22998719743876564,28200
769913500,0.2222925709586483,28210
770206361,0.2273767477820861,28220
770494357,0.2253441092395503,28230
770771892,0.2242138676275516,28240
771008952,0.22579601166048852,28250
771275090,0.22380794860577363,28260
771522340,0.23053395141623664,28270
771801453,0.23133395382565006,28280
772074588,0.22101849548386807,28290
772377122,0.2339599967885432,28300
772672945,0.2286866305125096,28310
772967530,0.23173929800010448,28320
773260083,0.22930879026376436,28330
773545292,0.22395950918757876,28340
773887009,0.23056260846305715,28350
774149247,0.22073474642072918,28360
774424096,0.22561829786092194,28370
774723777,0.22417399649397685,28380
774993048,0.22465043484718342,28390
775281834,0.2205257371102898,28400
775546912,0.23052079911665482,28410
775814359,0.22980780184439945,28420
776108373,0.23333134438341505,28430
776358709,0.22588399547877186,28440
776606918,0.23476576224053225,28450
776844320,0.22670519138245612,28460
777089203,0.22699205293823707,28470
777381235,0.22220500373372323,28480
777644536,0.22452642606428097,28490
777913833,0.22444036101650003,28500
778169041,0.22348252995076245,28510
778419389,0.22259269892614608,28520
778690183,0.22994190500704106,28530
778922974,0.2211373296236114,28540
779218860,0.2343362635521262,28550
779461424,0.22810674189130606,28560
779746778,0.22718410439026615,28570
779998784,0.22689652363697618,28580
780283685,0.2309114328871168,28590
780542025,0.2216641026229947,28600
780789682,0.21782733326626977,28610
781092469,0.2215999185804496,28620
781348575,0.22953804771267083,28630
781630351,0.22313862249231003,28640
781885811,0.22329237196180557,28650
782147903,0.22006043772899717,28660
782400103,0.2316843775913005,28670
782668535,0.23485814708295846,28680
782942188,0.22860821242399781,28690
783209996,0.22589451749707273,28700
783490608,0.23579457518122693,28710
783767127,0.22389901142469992,28720
784021113,0.22841769228413544,28730
784329649,0.23050128204694986,28740
784574899,0.2241171401912103,28750
784847935,0.23146286650843206,28760
785102530,0.2226104581146484,28770
785396439,0.21958644262846505,28780
785647919,0.22475942259811982,28790
785917285,0.22505862939096716,28800
786184983,0.22645748943687405,28810
786506156,0.2358606891965082,28820
786761103,0.22397589845033522,28830
787058139,0.22787616002859007,28840
787338419,0.22187282622220444,28850
787584305,0.22566596255029214,28860
787897074,0.22947849139533674,28870
788269417,0.231792691798099,28880
788560461,0.22922315074616942,28890
788824148,0.2254933107759928,28900
789063079,0.22849630667460832,28910
789333679,0.23249486103459013,28920
789589706,0.230578846947734,28930
789868080,0.2220769852018033,28940
790141857,0.23361151921047787,28950
790401947,0.23082991547522944,28960
790659409,0.23088878843041105,28970
790962209,0.23125114270266492,28980
791226455,0.22372165907348115,28990
791496640,0.2218314167037903,29000
791780617,0.2314592392124515,29010
792023756,0.2230014105723309,29020
792274207,0.23232869088352082,29030
792556165,0.22841795908625845,29040
792793550,0.22550036275313862,29050
793087770,0.22850537083930433,29060
793367619,0.22367899794809018,29070
793613746,0.22853511287820927,29080
793840673,0.22831180632545842,29090
794098205,0.23033447002580223,29100
794375140,0.22300208180456363,29110
794629293,0.22908061804894408,29120
794890329,0.22592830128707345,29130
795173759,0.22801653945299527,29140
795486984,0.2244370256071481,29150
795710841,0.23129603866850112,29160
796042703,0.2266487940439216,29170
796341806,0.22796425448248703,29180
796659500,0.23366657651327175,29190
796941496,0.2240507570754957,29200
797207405,0.22099166744621584,29210
797477668,0.22553701919416555,29220
797754093,0.22637097630381814,29230
798037306,0.22459585257859188,29240
798274402,0.22089009190512102,29250
798526216,0.23841184141382454,29260
798791853,0.22535059265006518,29270
799020690,0.22659803018690663,29280
799283243,0.2268217223373136,29290
799534507,0.226093814200472,29300
799829913,0.23005033966158592,29310
800096511,0.23396574250343383,29320
800389549,0.23295114215864227,29330
800656535,0.23007277764879788,29340
800976076,0.23544956578339235,29350
801259007,0.23215553150041932,29360
801542584,0.2337915811996793,29370
801787955,0.23093621772389583,29380
802015318,0.22690700603435843,29390
802300747,0.22718902254400913,29400
802566446,0.2254482620298197,29410
802827216,0.22887098395345554,29420
803069998,0.22380203345181454,29430
803391702,0.22989880403949975,29440
803692709,0.22518125266427372,29450
803951763,0.22532732703136968,29460
804242862,0.23240488732327033,29470
804548467,0.22933532266543633,29480
804831385,0.22699883964995554,29490
805105532,0.22296420415511875,29500
805374302,0.2311456530271951,29510
805651918,0.23248823104069277,29520
805929396,0.22829635279350186,29530
806165878,0.22547856292161556,29540
806434302,0.22935606078654855,29550
806683608,0.2237752207498626,29560
806924229,0.22720361164301164,29570
807205171,0.22925268432814336,29580
807462622,0.23161140118951695,29590
807730207,0.2342325354346218,29600
807976784,0.2277226885565344,29610
808269874,0.22532933140381356,29620
808542259,0.22425924611209885,29630
808820352,0.22840919525726333,29640
809131667,0.22773805376241602,29650
809424428,0.2297862886350645,29660
809706116,0.23248484978113548,29670
809966848,0.23028071791702423,29680
810291026,0.23266246126759552,29690
810582376,0.23157881487773993,29700
810884773,0.22404251512013512,29710
811132421,0.2284743899390811,29720
811427774,0.22799336307753054,29730
811673033,0.2238620949692929,29740
811979872,0.22823077342549308,29750
812264921,0.2356540321557943,29760
812526071,0.2213190300241238,29770
812770833,0.23153349082268623,29780
813006441,0.22426147532718232,29790
813262773,0.22877931172737198,29800
813523269,0.22632225929934952,29810
813783131,0.230127774347771,29820
814101187,0.24020886286208618,29830
814371872,0.2266585379417568,29840
814644929,0.22972299301206833,29850
814920837,0.22908611625775216,29860
815197202,0.2278787775147773,29870
815429048,0.22998927035496938,29880
815732030,0.23139641081418444,29890
816015980,0.22871257213485421,29900
816266446,0.22888159727722213,29910
816537125,0.22507403437316073,29920
816770633,0.2255786744953588,29930
817026745,0.2233336639217256,29940
817288101,0.22114906648656102,29950
817523725,0.23143388988808739,29960
817799511,0.22762723964189152,29970
818053766,0.22528412762810202,29980
818318016,0.2307937954096943,29990
818618769,0.22122692993028578,30000
818870732,0.22778942392081875,30010
819118196,0.22284979500603372,30020
819374594,0.2326510577377291,30030
819644116,0.23313863371347796,30040
819887908,0.22494137841729403,30050
820138673,0.23410767514806732,30060
820419330,0.22795489033436503,30070
820711101,0.22858443196981523,30080
820989702,0.2295378870700888,30090
821226344,0.228946954475291,30100
821527663,0.23099991973164902,30110
821844143,0.23073088098658617,30120
822113557,0.2383026153645121,30130
822356903,0.23404348552004656,30140
822717194,0.2301490425389807,30150
822993087,0.2304903143497706,30160
823266568,0.23404806932377548,30170
823536894,0.22924987049419274,30180
823767156,0.22452480147315096,30190
824030637,0.23109575604271756,30200
824285634,0.231083851469158,30210
824533966,0.22297228133373817,30220
824820523,0.2285107973605226,30230
825108143,0.22758048574027168,30240
825376432,0.22531512832625633,30250
825623254,0.22454823088777487,30260
825865316,0.23826677929261397,30270
826166342,0.2308723104983148,30280
826437422,0.2245155676418248,30290
826711079,0.22287248458903627,30300
826945790,0.2290225275737198,30310
827226261,0.227631440487235,30320
827449657,0.2315715001706832,30330
827711097,0.22293415847660555,30340
827974114,0.23437885129022556,30350
828297171,0.22476359065675844,30360
828544425,0.22519462538009982,30370
828794677,0.23894876537471196,30380
829071773,0.2376032936400117,30390
829324979,0.23000799041414902,30400
829607986,0.23217484123568355,30410
829865588,0.22868894838676335,30420
830147045,0.23590653632965178,30430
830422331,0.22491863419524336,30440
830722715,0.2304128141843156,30450
830974564,0.22425758854099184,30460
831229543,0.22364153055508154,30470
831486003,0.23015109803179457,30480
831746679,0.22907720488438674,30490
832023130,0.22772359949693496,30500
832269799,0.23265054912272645,30510
832592746,0.22625903829903937,30520
832900844,0.22929737780841353,30530
833200202,0.23073726573277473,30540
833460854,0.22657508856786587,30550
833758112,0.23032031017928717,30560
834023206,0.23104233315623982,30570
834323849,0.23176975834569388,30580
834627692,0.2395931043503017,30590
834882139,0.2251309411651842,30600
835143547,0.23198934300873061,30610
835409117,0.2258523492825456,30620
835703876,0.2271981682860099,30630
835953407,0.22336246056887693,30640
836180252,0.23505904077320652,30650
836456578,0.22992451985677084,30660
836706177,0.22849435675634097,30670
837006064,0.23086478628556176,30680
837255511,0.2263047426462871,30690
837490583,0.2260604811735474,30700
837705171,0.2249962480155354,30710
837969567,0.23258746101459232,30720
838227244,0.23509177963120237,30730
838510738,0.23329389555646812,30740
838810492,0.23406373609698766,30750
839126841,0.22990999008809646,30760
839455089,0.2302088012145941,30770
839681456,0.22784150903536787,30780
839926089,0.2227683305342635,30790
840222918,0.23673549839647973,30800
840513482,0.22989423033613385,30810
840753163,0.23165013535138534,30820
840998757,0.2355371866673594,30830
841309284,0.22231303075274525,30840
841593685,0.22951673890640156,30850
841884659,0.22787224188603492,30860
842113047,0.23246929231588148,30870
842386641,0.2227516939034273,30880
842669962,0.22937997452691042,30890
842956245,0.22677524713465225,30900
843244693,0.2351758602390434,30910
843516343,0.2297285217951659,30920
843839272,0.2299944836132806,30930
844130946,0.22738586500959776,30940
844363186,0.22597680535740466,30950
844667025,0.23089633806287613,30960
844910022,0.23262496045723857,30970
845184452,0.23405442805336282,30980
845472733,0.226102938350316,30990
845754547,0.2300233264415883,31000
845998019,0.23400996864557932,31010
846223502,0.226055685082104,31020
846486167,0.22346032573582592,31030
846739728,0.23032094026972205,31040
847060300,0.23697246660787724,31050
847300875,0.22797246055723006,31060
847583025,0.23090490752026085,31070
847862569,0.22854237551876952,31080
848130562,0.22582216522695603,31090
848420823,0.2283695093017626,31100
848781037,0.23932681414423287,31110
849100039,0.22819305129639997,31120
849396865,0.23531868789139446,31130
849631604,0.2241152429732575,31140
849925338,0.22891803824544144,31150
850217785,0.23042620975052663,31160
850490493,0.2257549900947442,31170
850766908,0.22540730809451281,31180
851008634,0.22774174591690174,31190
851312896,0.2281351425343977,31200
851590618,0.224678527305142,31210
851837106,0.22426265936924908,31220
852113820,0.23170557014539872,31230
852378998,0.22659579322451637,31240
852647863,0.23275634297573955,31250
852902425,0.23342657208305914,31260
853186283,0.22701007556232286,31270
853479035,0.23322023713794834,31280
853769979,0.23382743304323747,31290
854100145,0.23356535144763693,31300
854342660,0.22375269731634692,31310
854604100,0.22349248608669556,31320
854838059,0.22608857077842695,31330
855135865,0.2298531459347832,31340
855378442,0.23798924074536998,31350
855622032,0.23061838479460184,31360
855856609,0.2324712638882781,31370
856141271,0.22959433683247416,31380
856388139,0.22257141487542625,31390
856652272,0.22628830145508408,31400
856917678,0.22542470662284514,31410
857219313,0.2321964343002133,31420
857529197,0.2238330663631903,31430
857832946,0.23316262772410418,31440
858134277,0.2312099672750631,31450
858464922,0.23786194411387002,31460
858744234,0.22623653308150435,31470
859025298,0.23633889381126663,31480
859256826,0.22641214640556637,31490
859555834,0.23877090647320423,31500
859829730,0.2258956270687158,31510
860116440,0.2284871523992291,31520
860396761,0.235616214555834,31530
860697603,0.22848292630304018,31540
860932616,0.21553051455830757,31550
861231223,0.22292463212650368,31560
861482146,0.21538924935963832,31570
861757662,0.21832465820980676,31580
862017189,0.22077228494827864,31590
862265839,0.2192252354295296,31600
862562963,0.21594644024260498,31610
862844230,0.21321012369026707,31620
863096933,0.22441260105994307,31630
863413101,0.21925436259038084,31640
863718693,0.21902835632310153,31650
864012085,0.222560945508642,31660
864284171,0.22032866740704626,31670
864523825,0.21799468708031178,31680
864810492,0.2285404507074049,31690
865081240,0.22162291462048644,31700
865378670,0.22377560092329263,31710
865678641,0.2273880211926635,31720
865962875,0.2158107778861469,31730
866205973,0.21800025375857204,31740
866484736,0.21614306039790473,31750
866772038,0.2167586626381271,31760
867058673,0.22075848929731512,31770
867365794,0.2217609711156824,31780
867635254,0.22296442428691274,31790
867892620,0.21567055948773098,31800
868191673,0.2203550416950108,31810
868464051,0.2262611403963693,31820
868728928,0.21426718652458504,31830
868975629,0.21699553101132474,31840
869319328,0.2226152730875205,31850
869543768,0.21743581784329,31860
869787683,0.2146198162562304,31870
870050744,0.23105503186908946,31880
870315250,0.22517487509121387,31890
870584841,0.2169149892279736,31900
870868802,0.2253692698183333,31910
871144286,0.22014617202198966,31920
871347912,0.2137331694924871,31930
871607901,0.22729000731247975,31940
871870947,0.2239127737804524,31950
872101012,0.2208354679825804,31960
872386100,0.2147052831277191,31970
872636565,0.2259472585765518,31980
872909948,0.21973522508512006,31990
873223371,0.21710948577555048,32000
873499965,0.22949579806705062,32010
873784439,0.21766572400821999,32020
874070428,0.234029265907347,32030
874324355,0.21837497149693408,32040
874619891,0.22963829461058333,32050
874892467,0.22472773688441852,32060
875187177,0.22233603466085747,32070
875457507,0.21624244321382727,32080
875762641,0.2241063005772227,32090
876084092,0.22121405874741618,32100
876384782,0.2223387528437952,32110
876708218,0.22380399578222646,32120
876966237,0.21888359211834055,32130
877228522,0.22262735113896742,32140
877510248,0.22658374462262987,32150
877776467,0.22479665279388428,32160
878018527,0.22151728355507053,32170
878296491,0.22315627938915494,32180
878597813,0.2219039570386285,32190
878876891,0.21974929547439218,32200
879151293,0.2193063472291548,32210
879464173,0.22256327535181414,32220
879703500,0.22357257333670646,32230
879950212,0.22185766967674694,32240
880210803,0.22404670115913855,32250
880484268,0.22408453309700543,32260
880767414,0.22398246823525697,32270
881047674,0.22229355678043455,32280
881284429,0.21452901885541784,32290
881519203,0.22378612377203186,32300
881812456,0.22097292689702874,32310
882083718,0.2253263967535536,32320
882314379,0.21825162974397053,32330
882591791,0.22414742865712142,32340
882878258,0.22626560402371718,32350
883172541,0.22179074647046035,32360
883410605,0.2249956852011372,32370
883721756,0.22865089608992756,32380
883996557,0.2242249085614652,32390
884233923,0.2271980422550469,32400
884488830,0.2171042859519422,32410
884764095,0.22554701145145467,32420
885011752,0.21540076620443344,32430
885286203,0.21655570319732434,32440
885556706,0.2182175226219449,32450
885859050,0.2258253951830229,32460
886151103,0.23348803429474413,32470
886420433,0.21612769653076544,32480
886677956,0.21753308365584137,32490
886918677,0.2188420826410565,32500
887216671,0.2194753731747898,32510
887497981,0.22558235426722675,32520
887823941,0.2271183351527767,32530
888118486,0.2356915609888381,32540
888430021,0.22173914442247328,32550
888664297,0.21713920464232134,32560
888927469,0.2223494026753588,32570
889219594,0.23209887574515933,32580
889483001,0.21948215495303516,32590
889731776,0.21924811393417215,32600
890026576,0.22372870797463193,32610
890267802,0.22661571562000404,32620
890517556,0.22094997084906678,32630
890784538,0.2137913472637722,32640
891050199,0.22517868636674787,32650
891345517,0.2240277455908918,32660
891617437,0.2178872567990649,32670
891865350,0.21755486029169022,32680
892183160,0.21402964851167516,32690
892421881,0.21826814838408456,32700
892668558,0.21790784823379203,32710
892925178,0.2099652034631129,32720
893204848,0.2238086298187904,32730
893497486,0.22780485378181917,32740
893771735,0.22221188535451641,32750
894060921,0.21569552833138078,32760
894331416,0.22190826167316688,32770
894610482,0.22538679686867033,32780
894890396,0.22033600011379492,32790
895196784,0.22634380091580383,32800
895474089,0.21694225341343226,32810
895746109,0.2248600268299689,32820
896034178,0.22448069675081234,32830
896309001,0.22764308851069937,32840
896575555,0.21988245536153164,32850
896835909,0.21971878267133457,32860
897144307,0.23296284074942708,32870
897386992,0.22214129938069516,32880
897634592,0.21732426220751927,32890
897932177,0.2218043729924564,32900
898242681,0.22331000463972292,32910
898506435,0.2256898549952444,32920
898789068,0.2151963362784959,32930
899066196,0.21762263950804112,32940
899315900,0.21940598857345558,32950
899579747,0.22325057351616842,32960
899821642,0.21890921423720627,32970
900062871,0.22497595953290844,32980
900311259,0.21457179542554577,32990
900546224,0.2266989076288655,33000
900743776,0.21987715464724267,33010
901029646,0.22480763346686058,33020
901326525,0.22136835913524316,33030
901581251,0.23187405523323965,33040
901845504,0.23014768928744336,33050
902089325,0.22237858451198692,33060
902390299,0.22187411056675932,33070
902658223,0.22210397323225103,33080
902926049,0.2247557798991715,33090
903190539,0.224722295462118,33100
903508454,0.21890259005637464,33110
903780968,0.2274153720936213,33120
904000675,0.22453617173628976,33130
904256295,0.219415651926603,33140
904549937,0.22888986277881904,33150
904818879,0.221778347596534,33160
905079281,0.22474517260985943,33170
905348798,0.2263134561256935,33180
905610116,0.22540118828361058,33190
905889565,0.2152636817274407,33200
906144860,0.21981546552746628,33210
906434763,0.21295523071114206,33220
906681304,0.2308088335679581,33230
907003960,0.22456586533079592,33240
907346601,0.2248868795861014,33250
907604359,0.22353172911926217,33260
907884406,0.23119220614161215,33270
908105844,0.21555195424913373,33280
908389230,0.22134721304878507,33290
908652270,0.22576593615977403,33300
908925912,0.2240618098821101,33310
909195022,0.2234505724211171,33320
909448640,0.22247404806883547,33330
909767918,0.22219342870953412,33340
910049141,0.2292461208006443,33350
910325731,0.21959423098843447,33360
910636176,0.22506769988792447,33370
910910665,0.222590490631656,33380
911152559,0.22392972955153143,33390
911397331,0.22001043365989842,33400
911714983,0.23271648665787836,33410
911968252,0.219676847928343,33420
912225062,0.22269287852879466,33430
912497570,0.21679300266734844,33440
912736848,0.2268835673193448,33450
913062284,0.22481732498544577,33460
913351058,0.22245295494164655,33470
913614197,0.21767907518994967,33480
913861559,0.22064762576370667,33490
914141337,0.22463676063181492,33500
914428853,0.22313324798408118,33510
914708552,0.2165866237007681,33520
914983707,0.2187129721470775,33530
915242406,0.22344902063044284,33540
915507340,0.21552592085848948,33550
915788311,0.21427103774322476,33560
916062800,0.2269930050657255,33570
916353429,0.2314945094724173,33580
916636356,0.22061926313044766,33590
916937774,0.22448775692318568,33600
917173907,0.2272137274141758,33610
917407153,0.217258559536339,33620
917710653,0.21798157022486153,33630
917974946,0.2268059798528516,33640
918281380,0.22413132090177817,33650
918580955,0.22220386733432118,33660
918839659,0.22237145796014726,33670
919107815,0.22293199647436904,33680
919416015,0.22507319988459767,33690
919659188,0.22733556575671296,33700
919917889,0.22379442623231963,33710
920178364,0.21794447208508158,33720
920481097,0.22343852142737547,33730
920754819,0.23467045004803608,33740
920986499,0.21969865720197634,33750
921232052,0.22303092006782502,33760
921472883,0.22018761086637526,33770
921765087,0.22527957243966584,33780
922080706,0.22629276612247176,33790
922368161,0.22382809702809117,33800
922659810,0.22468023211854316,33810
922955158,0.22883486437789768,33820
923222604,0.22723510064140612,33830
923459125,0.22003845243113854,33840
923681546,0.22331988081979318,33850
923950690,0.2315352077187189,33860
924203607,0.22484545655975458,33870
924511100,0.22117386100833353,33880
924763644,0.2245064493474021,33890
925000411,0.22372980350817928,33900
925281580,0.21977990209815085,33910
925588562,0.21935127565084775,33920
925835015,0.22453105033108736,33930
926112767,0.2179996231089725,33940
926373531,0.22131704250103598,33950
926630430,0.22501098550375154,33960
926873003,0.22342837331624793,33970
927130989,0.21695551131863455,33980
927368261,0.21931992560466915,33990
927656218,0.22342654742429138,34000
927914667,0.22293528788447736,34010
928170886,0.22457893890058203,34020
928471052,0.22810953373744236,34030
928791073,0.23323989877195953,34040
929056742,0.2232413788028563,34050
929310008,0.22069677040532906,34060
929606958,0.2264486356322609,34070
929881243,0.22259530212934503,34080
930162071,0.21611855813152234,34090
930414453,0.22301132322355913,34100
930674374,0.2257438485439007,34110
930977335,0.21697057070089762,34120
931246215,0.22619670698905506,34130
931545581,0.23250986999024065,34140
931838615,0.22737123088484834,34150
932090723,0.2305319857530109,34160
932348120,0.22383366580983546,34170
932616420,0.22488352511008597,34180
932894104,0.23130429539917138,34190
933193644,0.2349119083327972,34200
933471786,0.22895321012255618,34210
933782649,0.21656266962624068,34220
934017587,0.21377841021647212,34230
934271468,0.22839795688079528,34240
934545142,0.22283037476434311,34250
934828040,0.22931655056879746,34260
935128126,0.22681047455514775,34270
935411260,0.23068207840502145,34280
935697717,0.22544362415496425,34290
935912199,0.22466631835976283,34300
936152921,0.21828994505425428,34310
936407281,0.22354173379602427,34320
936706642,0.22819279417538268,34330
936947641,0.22458035824620368,34340
937193476,0.226405653221973,34350
937439312,0.22676202203884707,34360
937717114,0.2272965079538165,34370
937987636,0.2280987141757999,34380
938239511,0.22337467824581989,34390
938524379,0.21331417371708994,34400
938799432,0.21546363669262225,34410
939077952,0.22227630621877584,34420
939354040,0.21935910506734263,34430
939641782,0.224832478754015,34440
939996653,0.22231590250190109,34450
940237010,0.22201806353922454,34460
940524710,0.22568203506245457,34470
940803391,0.22232695588076248,34480
941112299,0.2297200769338702,34490
941400656,0.22181616843505553,34500
941693748,0.22445010912545904,34510
941999794,0.22660307010457875,34520
942270505,0.22821712658443302,34530
942528630,0.2234848114938447,34540
942796942,0.22747497703211006,34550
943057673,0.22218454594225387,34560
943334137,0.22827405759521852,34570
943603850,0.22586140201586158,34580
943864877,0.21628203381990133,34590
944141796,0.2231345389296041,34600
944461676,0.24023315808984172,34610
944737207,0.22405846077514346,34620
945035410,0.23404164192763968,34630
945316313,0.22780162083332425,34640
945603687,0.22795293861767166,34650
945874437,0.22766404229802792,34660
946216067,0.22726380932744888,34670
946545614,0.22957007905989776,34680
946829666,0.2258220304506989,34690
947121796,0.2266554942495358,34700
947392943,0.22366035202422185,34710
947676798,0.22103220247798508,34720
947948560,0.22438515424508895,34730
948225769,0.23621744780494205,34740
948539790,0.22336831817526065,34750
948790075,0.2189722634351085,34760
949040530,0.21985770548127267,34770
949321721,0.23043865407950836,34780
949568956,0.2231196785231443,34790
949802876,0.21822512623577883,34800
950057805,0.2135821425062531,34810
950362480,0.22824499547994662,34820
950575372,0.2291687287494077,34830
950831374,0.22557905550026514,34840
951067277,0.21991176006944016,34850
951309966,0.2336582528561607,34860
951616241,0.23012935266016657,34870
951903630,0.22752408375741456,34880
952146466,0.22866845876218578,34890
952426203,0.22833920206250632,34900
952649933,0.22514544767425787,34910
952955180,0.220773478520306,34920
953216215,0.22142777716014866,34930
953516553,0.23041394746135865,34940
953740896,0.22512109434586344,34950
954039173,0.22149173723810014,34960
954309042,0.23359789510353332,34970
954595953,0.22525935908750117,34980
954842182,0.21753415961356146,34990
955106339,0.2289541081202784,35000
955346094,0.22111389291981642,35010
955646605,0.2288253647261341,35020
955908764,0.22536296421058136,35030
956244298,0.22435075201066215,35040
956470550,0.22262336229813937,35050
956746440,0.21637515797923762,35060
957024192,0.21717473272025836,35070
957307137,0.21695727525333577,35080
957552954,0.2138847930404627,35090
957821420,0.21751003205889471,35100
958075604,0.21248933489243643,35110
958344248,0.21685515979246855,35120
958596937,0.2224231623064112,35130
958833869,0.21008369126687892,35140
959106683,0.2170362478309124,35150
959399968,0.20563809322582924,35160
959625314,0.20805394942290623,35170
959922602,0.21667921036781856,35180
960230990,0.2169965898942112,35190
960491292,0.21350426852720855,35200
960763498,0.2130890237426458,35210
961010154,0.22016625903991593,35220
961308207,0.22212619882057338,35230
961636341,0.21543505260407167,35240
961879066,0.20803767009981844,35250
962156222,0.2192793786128576,35260
962380662,0.21867843058462919,35270
962635617,0.2141326377355222,35280
962884090,0.2146087682094151,35290
963157994,0.2118387812578614,35300
963450944,0.21581755291288193,35310
963769136,0.2200055830363796,35320
964001643,0.21112522798426012,35330
964271602,0.221611648675368,35340
964546127,0.2160475690512393,35350
964837358,0.21596000103852828,35360
965174347,0.22443024671750678,35370
965425339,0.21097119486756763,35380
965664762,0.21693429946899415,35390
965956422,0.22237986664720868,35400
966216338,0.21963105263827334,35410
966514934,0.2137159204655731,35420
966775397,0.2149883926382393,35430
967040254,0.21381295886911122,35440
967367721,0.2195228589533955,35450
967633577,0.2184750968666241,35460
967913980,0.21538818723945372,35470
968134279,0.21312873924171533,35480
968446279,0.21793288322629842,35490
968730943,0.21457774629463333,35500
969061576,0.21851600474310875,35510
969385923,0.2233296486382414,35520
969651915,0.21571044623851776,35530
969942877,0.22064740600608568,35540
970234596,0.2098748002427064,35550
970551854,0.2292099958622992,35560
970820811,0.21176534299319594,35570
971154435,0.21865690751943945,35580
971420508,0.21753305386059663,35590
971718201,0.21880432656896914,35600
971983791,0.22231657567767454,35610
972222591,0.22814739467335865,35620
972496446,0.21201711858736114,35630
972774504,0.21545593497802393,35640
973019981,0.21411048521368106,35650
973308860,0.2119939550202152,35660
973569391,0.2169964247913115,35670
973829964,0.21340802368569367,35680
974139982,0.213548667912465,35690
974429452,0.2183913271526448,35700
974668309,0.21947138938979888,35710
974923543,0.21773179756290725,35720
975222396,0.21934940244156875,35730
975459881,0.21797765733259775,35740
975728261,0.2252433320198344,35750
976038947,0.21559168755577007,35760
976320473,0.21486676953295977,35770
976572788,0.21351710435554094,35780
976821331,0.21552984513721068,35790
977078238,0.21901868999760435,35800
977360023,0.22013947638296483,35810
977598241,0.2152271970148828,35820
977867113,0.22415487145588425,35830
978136872,0.21548545584190115,35840
978376875,0.21569724433753407,35850
978682569,0.21946767833433237,35860
978902399,0.2159487431380391,35870
979199084,0.21611843950923307,35880
979512016,0.21695793691044304,35890
979816174,0.20850998670725557,35900
980156715,0.2258244534676065,35910
980507936,0.22445772819816986,35920
980768977,0.2147381927944083,35930
981074698,0.21965138842179247,35940
981282901,0.20845270009501113,35950
981595266,0.21928234969491964,35960
981844739,0.22018387075570914,35970
982115971,0.2163878539421635,35980
982395501,0.22140563575282982,35990
982674597,0.21579192550420115,36000
982946085,0.22535165263360635,36010
983221268,0.22208934956200635,36020
983473575,0.21212223655004778,36030
983721060,0.22161891344589413,36040
984018674,0.22100846389475945,36050
984265943,0.21643433909615442,36060
984534222,0.22205118859999465,36070
984814913,0.21275964426146352,36080
985078113,0.20800450437068274,36090
985363424,0.20996736260155233,36100
985650012,0.21885508803153914,36110
985935760,0.2169434232940636,36120
986188539,0.21893755020311476,36130
986468842,0.22671538874839575,36140
986766500,0.21712747067065774,36150
986976962,0.2106927667655852,36160
987246284,0.2148481136914822,36170
987545904,0.21001690198663744,36180
987798864,0.20811138390932993,36190
988086602,0.21969085111873266,36200
988398663,0.21937384704817367,36210
988717714,0.22392051792712814,36220
988972547,0.2243525662631603,36230
989219712,0.21891005169969735,36240
989499359,0.21646191503227408,36250
989797090,0.2161005576269406,36260
990026062,0.21871913799133186,36270
990302627,0.2232802198781762,36280
990591064,0.21617683016634928,36290
990879004,0.2132186131655511,36300
991196658,0.22064447142148494,36310
991468151,0.2198049325466371,36320
991806967,0.21910122866100581,36330
992118648,0.21817060111161338,36340
992416974,0.21653417785754667,36350
992693641,0.2191173789279475,36360
992931692,0.21115352659480577,36370
993157682,0.21550252846821294,36380
993459835,0.22354468113857429,36390
993744981,0.21553875395812974,36400
994056440,0.21517130443632207,36410
994311742,0.22712126072717123,36420
994545565,0.21808349757064097,36430
994811557,0.21196123136291134,36440
995070465,0.2174200310302084,36450
995325664,0.2220492739252211,36460
995617328,0.224210339573747,36470
995889112,0.2208306770858646,36480
996142623,0.2172943203049551,36490
996441566,0.2258581573643093,36500
996695494,0.2145869153288734,36510
996994227,0.21218240546602563,36520
997276513,0.21743348953018496,36530
997521933,0.214883990517791,36540
997772280,0.21797567020575112,36550
998009819,0.2129076069133048,36560
998286710,0.21769871761732404,36570
998556416,0.21335660027491607,36580
998830415,0.213945077318664,36590
999088801,0.216325233520184,36600
999315952,0.21631632932144815,36610
999588644,0.2160042601349213,36620
999814044,0.21930438734851274,36630
1000087247,0.2208328904111716,36640
1000411656,0.21919006321771115,36650
1000652355,0.21649833366852264,36660
1000934201,0.2256773303638446,36670
1001227119,0.21981221392300826,36680
1001505702,0.21616221600880042,36690
1001750116,0.21475073866226155,36700
1002060670,0.21611841492884024,36710
1002315343,0.21710460019167271,36720
1002599856,0.21427046519708984,36730
1002835223,0.2114739730061474,36740
1003077522,0.22694527054945293,36750
1003355624,0.21403470653880158,36760
1003654783,0.22263142945612938,36770
1003975441,0.21436605593846067,36780
1004246939,0.21832377162399025,36790
1004486705,0.21837073721111697,36800
1004738513,0.20787591185652396,36810
1005036135,0.225872197213181,36820
1005351340,0.22788719427564397,36830
1005612400,0.21191081750065338,36840
1005873309,0.21167340273936824,36850
1006163299,0.21205968777850448,36860
1006448853,0.2171972922252724,36870
1006723495,0.22008608269335594,36880
1007018099,0.22116545056543063,36890
1007286555,0.21622326714149753,36900
1007585277,0.2175847472743878,36910
1007862103,0.21357693937866568,36920
1008139680,0.22810223086663226,36930
1008374882,0.21946704560278607,36940
1008651351,0.21684435149704323,36950
1008893417,0.22199125278976822,36960
1009168955,0.22408718698332547,36970
1009409720,0.22005514784236982,36980
1009699205,0.21783854897845537,36990
1009996917,0.2201788696126141,37000
1010273494,0.21083296610812638,37010
1010525584,0.213281127539548,37020
1010870496,0.22200725945040153,37030
1011113510,0.2131486431296577,37040
1011379481,0.2206410780761861,37050
1011649089,0.21791494048963145,37060
1011915362,0.2146083140333172,37070
1012297385,0.2193895882745689,37080
1012516891,0.2148174836510708,37090
1012790279,0.21506750503684954,37100
1013024887,0.22604756400797615,37110
1013313141,0.2163740832530137,37120
1013602089,0.21173106499438016,37130
1013840742,0.22075720298298632,37140
1014105827,0.21942860449885082,37150
1014353469,0.2188770666941473,37160
1014638854,0.22726154624875317,37170
1014912817,0.22024294657143278,37180
1015162153,0.21614008282225958,37190
1015392578,0.22286290817969226,37200
1015638248,0.216898232789256,37210
1015938060,0.2124589427189776,37220
1016190231,0.22307843508168032,37230
1016454988,0.20876255461114895,37240
1016699111,0.21311517164312554,37250
1016969323,0.21668268659363749,37260
1017246912,0.2249152531147507,37270
1017567065,0.2186356661345348,37280
1017868905,0.21914744828439747,37290
1018166378,0.21659731390111478,37300
1018443028,0.2250471913620719,37310
1018689279,0.21529977770983402,37320
1018945919,0.22150976947546677,37330
1019197378,0.22362017271840132,37340
1019447401,0.21794723443708142,37350
1019750807,0.22212943778519317,37360
1020023302,0.22305551841662255,37370
1020276287,0.21530785885498577,37380
1020539644,0.21892547640522636,37390
1020825832,0.22516825574856397,37400
1021099337,0.2152011207488713,37410
1021345912,0.21598285581058835,37420
1021615197,0.214145090586216,37430
1021849938,0.21244408562360284,37440
1022123087,0.2221212048573973,37450
1022396964,0.21902943476090217,37460
1022636880,0.21149004832150045,37470
1022932510,0.21789706644708623,37480
1023210749,0.2231025702776419,37490
1023457926,0.21102750043133034,37500
1023730847,0.20962283348717733,37510
1024054915,0.23056541895061924,37520
1024278854,0.21697841317301658,37530
1024533473,0.216406194236506,37540
1024786200,0.21842141128590517,37550
1025059205,0.22393367364211847,37560
1025374750,0.21441206246706945,37570
1025681709,0.2184700476363274,37580
1025913922,0.21490815980822373,37590
1026144863,0.21409794868679222,37600
1026437582,0.2208549078019146,37610
1026710236,0.2302216438439847,37620
1026984446,0.21909955850201665,37630
1027264177,0.21412060822887458,37640
1027557027,0.2171947923761423,37650
1027814992,0.21646396027338985,37660
1028080443,0.2183763023451639,37670
1028350203,0.22247313098723054,37680
1028635617,0.2208635104644779,37690
1028923185,0.22444549921726212,37700
1029196050,0.21799587392091188,37710
1029471578,0.2204316406763296,37720
1029718142,0.21294307670216833,37730
1029999134,0.21778378653648112,37740
1030271240,0.21514071295047296,37750
1030523056,0.21690786110952126,37760
1030790362,0.21846964402519115,37770
1031061157,0.22089392728423532,37780
1031337539,0.2257793780979657,37790
1031620458,0.21650173245998142,37800
1031905971,0.22755580696989816,37810
1032136262,0.21486845127443271,37820
1032453294,0.22667344393842517,37830
1032722179,0.2240571463863227,37840
1033011816,0.21961488730367926,37850
1033272159,0.22054024029865293,37860
1033547875,0.22037574186799236,37870
1033806722,0.2235862228653677,37880
1034075271,0.22176196099239637,37890
1034330790,0.22227701803799227,37900
1034633451,0.217903231694016,37910
1034928090,0.22148999526674773,37920
1035210552,0.2261077319897036,37930
1035433104,0.21475797701146077,37940
1035671573,0.21900372073428775,37950
1035939254,0.2156633641844192,37960
1036206264,0.22489356446556455,37970
1036474912,0.22103900651439953,37980
1036739918,0.21871636716308923,37990
1037004464,0.2194704287341599,38000
1037309050,0.22542635184521181,38010
1037580786,0.22193022621677316,38020
1037878037,0.21896785846386413,38030
1038187213,0.22045939012911006,38040
1038474392,0.21613673756492283,38050
1038747708,0.214398373905262,38060
1038975429,0.2265204089537542,38070
1039211328,0.20432140871066667,38080
1039461641,0.2180006231356058,38090
1039755701,0.22935789127674344,38100
1040011960,0.21625983125420026,38110
1040290830,0.2183925872255549,38120
1040606434,0.235542618610502,38130
1040835866,0.22445436496019636,38140
1041152747,0.2319599917213277,38150
1041458251,0.22573262399577887,38160
1041722812,0.21351217225540517,38170
1042008887,0.21628538479751344,38180
1042288182,0.21258409693912714,38190
1042540638,0.22177082867470654,38200
1042782129,0.2138948789494654,38210
1043025791,0.21566613201361953,38220
1043317316,0.2233702093128945,38230
1043591487,0.21953665278514964,38240
1043894296,0.2164200173619014,38250
1044182290,0.2166302920553526,38260
1044531051,0.2200289173286502,38270
1044800919,0.220075885950903,38280
1045031032,0.21849349180315392,38290
1045297703,0.22709675917143762,38300
1045583313,0.21383826168892026,38310
1045864972,0.22345041232302734,38320
1046124076,0.21658162330726602,38330
1046425186,0.22451363012455613,38340
1046699492,0.21479428472176842,38350
1046992073,0.22089113165806348,38360
1047227804,0.22101297822293114,38370
1047472386,0.21614697817584522,38380
1047794790,0.21175607859158943,38390
1048058614,0.2129634044281304,38400
1048296937,0.21264379660764268,38410
1048601506,0.2178471164690385,38420
1048867681,0.21726229423429907,38430
1049133368,0.2120574305694325,38440
1049423183,0.23062766037313148,38450
1049701700,0.21648296147503523,38460
1049955477,0.22133504070388707,38470
1050207389,0.214786406939015,38480
1050467965,0.2199999509342126,38490
1050753528,0.21482236104240585,38500
1051020206,0.21527768577757345,38510
1051269979,0.21597318950452302,38520
1051546734,0.22078185344647966,38530
1051772493,0.22185230714570878,38540
1052025574,0.21373634310881345,38550
1052276026,0.20524274841726192,38560
1052535400,0.2173811463716536,38570
1052769201,0.2087698228978599,38580
1053056048,0.20710078609415394,38590
1053342198,0.20694548750712535,38600
1053631613,0.2104461932607931,38610
1053874220,0.20701539847502543,38620
1054198423,0.22583888677092054,38630
1054455641,0.2083300346024777,38640
1054741015,0.22310715480731316,38650
1055028055,0.21236685486708418,38660
1055340663,0.21994412182846645,38670
1055618283,0.21915859497594267,38680
1055916619,0.22147312156893703,38690
1056198042,0.21072846658926775,38700
1056488196,0.21222007243312108,38710
1056754600,0.20632547152663036,38720
1057030612,0.20933670246197303,38730
1057257130,0.20114567868264774,38740
1057525025,0.21737471540783296,38750
1057820656,0.21262481891556292,38760
1058111056,0.21125898953479277,38770
1058349069,0.21255127850617644,38780
1058626303,0.21961484891594607,38790
1058892769,0.21946669269270877,38800
1059164363,0.21276825247135275,38810
1059454150,0.20967914379079303,38820
1059697312,0.21465277052175583,38830
1059964982,0.2090746441152122,38840
1060217597,0.21477316148191475,38850
1060502010,0.21213447252606646,38860
1060760953,0.2081126539562945,38870
1061026148,0.21675778974449322,38880
1061288731,0.21223178423153616,38890
1061535113,0.2087226411274939,38900
1061885159,0.20531241200602474,38910
1062120975,0.21283074067497895,38920
1062411744,0.20683020279659678,38930
1062687714,0.20761492364730402,38940
1062909948,0.21250836998924685,38950
1063187202,0.2073327112023141,38960
1063444283,0.2072638504980716,38970
1063690093,0.21023471425248139,38980
1063948066,0.2154466980187688,38990
1064235356,0.21577742223414886,39000
1064533547,0.20812256337503646,39010
1064801348,0.2075046831216378,39020
1065031837,0.21199401731867518,39030
1065282531,0.21300587584435157,39040
1065562416,0.20884740506164415,39050
1065809220,0.20605383676465977,39060
1066095356,0.2162222154380372,39070
1066369448,0.20624118763772656,39080
1066721881,0.21293605922371509,39090
1066956318,0.2082628082470945,39100
1067266587,0.2151961291734306,39110
1067599206,0.2073978469858512,39120
1067875941,0.2129900843218149,39130
1068143745,0.20827639245162605,39140
1068405374,0.22282952179296175,39150
1068690078,0.2055320632164434,39160
1068939687,0.21220242618882243,39170
1069178630,0.2152607642054874,39180
1069487113,0.21307012601065195,39190
1069803896,0.21655655236212126,39200
1070049188,0.2086629352471119,39210
1070307213,0.2051747693378652,39220
1070553069,0.20628454605237231,39230
1070817240,0.20231123636740012,39240
1071060977,0.20611020760477694,39250
1071376108,0.20923699621139202,39260
1071704884,0.2148382092042126,39270
1071960332,0.21103349854472533,39280
1072236883,0.20808275649381966,39290
1072522402,0.20953993333273133,39300
1072854708,0.22665403444328983,39310
1073098400,0.2042204999388567,39320
1073336782,0.2155456199688906,39330
1073619944,0.21607399508642422,39340
1073849733,0.20805653845036037,39350
1074121151,0.2209488023453519,39360
1074371491,0.20941486925522454,39370
1074668786,0.2074357869422346,39380
1074903223,0.2105286057774231,39390
1075196601,0.20246565314741605,39400
1075510810,0.20464480783148253,39410
1075802347,0.221018708821547,39420
1076121335,0.2201625983805316,39430
1076390210,0.202743448348081,39440
1076659085,0.21519918058295753,39450
1076907520,0.20407093965584822,39460
1077147287,0.2101284627858803,39470
1077404440,0.21095371930247758,39480
1077659982,0.2206427487289883,39490
1077926561,0.2107316017956038,39500
1078160302,0.2073335372037333,39510
1078384386,0.20384594255475028,39520
1078617469,0.20722881084691136,39530
1078865308,0.20825563138139594,39540
1079118660,0.20218943367264766,39550
1079389571,0.21647711891242846,39560
1079646779,0.21204670351127705,39570
1079916940,0.2124926992563101,39580
1080157209,0.20652650663912753,39590
1080443030,0.22007049039746734,39600
1080666567,0.20559338322361778,39610
1080932529,0.21285366256069382,39620
1081186288,0.2166845932777661,39630
1081458033,0.2113346427813914,39640
1081757704,0.22232785840237232,39650
1081994771,0.20515288195998546,39660
1082288428,0.22213604816998656,39670
1082569584,0.22242715380720504,39680
1082846218,0.2086276883857195,39690
1083110826,0.21696473200614663,39700
1083396261,0.20778858424877986,39710
1083659400,0.2121644903302408,39720
1083899147,0.21089232847685205,39730
1084176496,0.21056690235788844,39740
1084508483,0.21527341653313653,39750
1084765532,0.20567817731189836,39760
1085047565,0.21489301708367461,39770
1085320830,0.21409528383921703,39780
1085595350,0.21170318405137198,39790
1085901855,0.21356658733309777,39800
1086137246,0.2065846384184501,39810
1086437904,0.22077495757374807,39820
1086771038,0.20142518141448784,39830
1087016919,0.20680832145110262,39840
1087262325,0.2149186588151432,39850
1087516203,0.21427911286275242,39860
1087764184,0.20628804932854852,39870
1088031391,0.20894694918859513,39880
1088320864,0.214708185241257,39890
1088606020,0.20401376100212282,39900
1088888466,0.21544681814745364,39910
1089127600,0.21236522468879765,39920
1089394479,0.20960366818426496,39930
1089661363,0.2136397051086324,39940
1089898045,0.20730703370611198,39950
1090142238,0.21025281560331197,39960
1090388324,0.2164880501417927,39970
1090722399,0.2135061467135394,39980
1090999657,0.22535740909397356,39990
1091265556,0.2069566295582419,40000
1091509861,0.20830165016075625,40010
1091776140,0.21422560293100903,40020
1092115581,0.21991200251601598,40030
1092334046,0.2076086559266886,40040
1092593969,0.21447357806133807,40050
1092874817,0.20759161760338835,40060
1093168237,0.21579861101671785,40070
1093443778,0.21319706044444992,40080
1093675080,0.21163850100233916,40090
1093932715,0.2109547585392002,40100
1094224428,0.2172233877465779,40110
1094485768,0.20894714383115656,40120
1094753045,0.21999778170522608,40130
1095015594,0.20974153339163665,40140
1095260960,0.2102522776338215,40150
1095525310,0.20508400928279694,40160
1095752838,0.21249653534572288,40170
1096066036,0.21588049482492996,40180
1096358274,0.2105294236218433,40190
1096642137,0.2144282229876547,40200
1096897731,0.20854567865883317,40210
1097193236,0.20669702001016568,40220
1097484700,0.21603069880706804,40230
1097713672,0.20417825150086985,40240
1097982754,0.21042367596293604,40250
1098241121,0.20668993168531366,40260
1098493029,0.20756726893381805,40270
1098785527,0.2160940458646244,40280
1099089438,0.22165177317384666,40290
1099438370,0.21386936815955285,40300
1099725329,0.21368252726196205,40310
1100002252,0.2124035137877686,40320
1100300765,0.21652229855463134,40330
1100598200,0.21070689197920808,40340
1100876134,0.20740161659004966,40350
1101121509,0.20915498694021803,40360
1101388845,0.21455954514656847,40370
1101624554,0.2173917930193735,40380
1101931343,0.21831919121048166,40390
1102253627,0.20511354980785856,40400
1102564141,0.21945010820941718,40410
1102866733,0.21284786796823124,40420
1103138689,0.21176149488683554,40430
1103447288,0.21231191226665835,40440
1103772541,0.22090763942991554,40450
1104024745,0.21203609902670978,40460
1104319370,0.20792545991785386,40470
1104567965,0.21043934763540628,40480
1104838683,0.2163081438634039,40490
1105114776,0.2124286610916833,40500
1105364266,0.20722518628883232,40510
1105678111,0.2065179480626431,40520
1105999581,0.21377286229906078,40530
1106262465,0.20691757501981733,40540
1106559203,0.2079559005184493,40550
1106805216,0.2133172082600273,40560
1107037953,0.21869547181757337,40570
1107267812,0.21149809783426005,40580
1107519046,0.2062756521063037,40590
1107797992,0.21021878315931405,40600
1108032868,0.20530408469319533,40610
1108303309,0.20315698935913468,40620
1108600218,0.21524982925969605,40630
1108868233,0.20975507895035467,40640
1109137037,0.20818697959941526,40650
1109399213,0.21678971578855388,40660
1109668630,0.20649413706972658,40670
1109950016,0.2109146737297662,40680
1110274804,0.20769584469221203,40690
1110526005,0.20869897417623048,40700
1110787828,0.21016125789133758,40710
1111061955,0.2193504327535271,40720
1111312139,0.20663525097217753,40730
1111592954,0.21083922877095806,40740
1111833916,0.21601503827140525,40750
1112150527,0.21775268712029866,40760
1112403047,0.20625971585207598,40770
1112645861,0.21040549169316508,40780
1112906003,0.2181709315151368,40790
1113176066,0.21947436159547407,40800
1113454475,0.20807510194490508,40810
1113730597,0.2122340862540782,40820
1113991362,0.21630648414184458,40830
1114275136,0.21991689339933257,40840
1114557752,0.21666932404190375,40850
1114864617,0.22265036039841926,40860
1115155146,0.2177401878050263,40870
1115469443,0.22066566359318102,40880
1115735086,0.20787041199882075,40890
1116028270,0.21447181306475185,40900
1116328766,0.2156837941987798,40910
1116584628,0.2214325766498674,40920
1116856804,0.22025863628280737,40930
1117136174,0.21531059648924467,40940
1117421686,0.22697950760671962,40950
1117689787,0.21680784813701348,40960
1117965578,0.20767347023508873,40970
1118238928,0.2085796199795724,40980
1118517462,0.212383644928759,40990
1118752756,0.21132899481416448,41000
1119037727,0.20979848204128748,41010
1119324641,0.21225525446186072,41020
1119609967,0.2215302530826393,41030
1119916429,0.2125863869861414,41040
1120204581,0.2213522549173833,41050
1120456388,0.20811366863415992,41060
1120702167,0.20611711519178286,41070
1120927187,0.21021469260148595,41080
1121167358,0.21080927704779256,41090
1121438531,0.20426713568993063,41100
1121669842,0.22651642131809824,41110
1121960729,0.2192275152942515,41120
1122220407,0.20741882152006488,41130
1122507146,0.20926638575042852,41140
1122774880,0.20961870107466676,41150
1123040343,0.21130483443280249,41160
1123283373,0.21166819547314855,41170
1123575049,0.21748192123364538,41180
1123846251,0.2110837973592009,41190
1124125583,0.21027388296889366,41200
1124393417,0.2095855757244177,41210
1124647752,0.2077372151715152,41220
1124906493,0.20898061091542536,41230
1125179453,0.21712458630100545,41240
1125450199,0.2131174647072494,41250
1125729127,0.20869418112213933,41260
1126014208,0.21003642854815713,41270
1126323540,0.21853177095029389,41280
1126624180,0.213188685210317,41290
1126905663,0.21549699551316132,41300
1127176051,0.21282823681493893,41310
1127463040,0.20538744098734382,41320
1127845065,0.2145272806441588,41330
1128126540,0.22719610998038658,41340
1128467581,0.21082301671035303,41350
1128734845,0.21704230000950056,41360
1128994733,0.20684434549682945,41370
1129279119,0.2099835830644364,41380
1129536107,0.21887306288683905,41390
1129774385,0.20943291349829898,41400
1130056269,0.21479725075266543,41410
1130333784,0.2107950161366745,41420
1130623182,0.21634712673636705,41430
1130866311,0.21329263132072215,41440
1131162109,0.21348684324292974,41450
1131400170,0.21621524995893357,41460
1131696673,0.2068529035749802,41470
1131950375,0.21433728071857003,41480
1132226265,0.2065532565620648,41490
1132461931,0.21285185880630214,41500
1132718830,0.219439394254211,41510
1132976119,0.20920700627631375,41520
1133210696,0.2043603582125681,41530
1133470133,0.20895047802187905,41540
1133702582,0.20751557727179432,41550
1133951719,0.20953954237829855,41560
1134242732,0.22066402383390657,41570
1134492833,0.22006468377623964,41580
1134815661,0.21987132958601086,41590
1135104665,0.21060120279941463,41600
1135352616,0.20695989183655386,41610
1135632630,0.214701142999657,41620
1135878825,0.218326930394912,41630
1136170864,0.21725277973706578,41640
1136457031,0.21251654024879552,41650
1136730868,0.21102386539547419,41660
1137064107,0.22547288966835413,41670
1137372318,0.2137299677647582,41680
1137622692,0.2086431041825688,41690
1137906861,0.217539894689651,41700
1138140710,0.21234458171624593,41710
1138440029,0.2175335461156774,41720
1138684607,0.21252048077921715,41730
1138953160,0.2122672548144335,41740
1139235824,0.21979075169051338,41750
1139509167,0.22113056898448355,41760
1139784717,0.21573072773968832,41770
1140074612,0.2157360127154822,41780
1140324329,0.21468922974683705,41790
1140648842,0.219717357032139,41800
1140936157,0.21640383225854437,41810
1141235250,0.22398367763108926,41820
1141471617,0.2188326802428904,41830
1141729933,0.21300956412955924,41840
1142013006,0.21150812087281748,41850
1142278818,0.21450258286030693,41860
1142552701,0.2216772216574727,41870
1142864347,0.21596270012983268,41880
1143127279,0.2076929453993133,41890
1143435235,0.21087002116361345,41900
1143692945,0.21674096917751234,41910
1143994493,0.2247505220987975,41920
1144298473,0.21161443400450436,41930
1144550357,0.21440101689281912,41940
1144823439,0.21175465723227338,41950
1145057639,0.2100623697026798,41960
1145322698,0.21332633299636156,41970
1145575929,0.20653168355146173,41980
1145859697,0.21102443438365287,41990
1146106530,0.20515632260744318,42000
1146351359,0.20764433264792295,42010
1146614333,0.21421243748990323,42020
1146937669,0.21070223060381307,42030
1147209488,0.21166354920581015,42040
1147474401,0.21393811927843978,42050
1147793423,0.21841557012335208,42060
1148037528,0.20252647297995915,42070
1148265387,0.2001099661169428,42080
1148546730,0.20791131613820069,42090
1148882278,0.2025736695564009,42100
1149179486,0.20581029826773106,42110
1149432182,0.20678934808535063,42120
1149725072,0.21418059980994972,42130
1150036429,0.2073828639919948,42140
1150295218,0.20793534709672906,42150
1150542715,0.2025234881994346,42160
1150799190,0.20944863552166795,42170
1151060928,0.21457398053511834,42180
1151325790,0.2006977602727528,42190
1151600620,0.20503388416000046,42200
1151887865,0.20666920868368785,42210
1152169657,0.20765452179845384,42220
1152507041,0.21804191140387058,42230
1152766631,0.20154640322215064,42240
1153033381,0.20350788753203525,42250
1153279186,0.20284646514983606,42260
1153565456,0.21240054204887024,42270
1153839846,0.20392669020689413,42280
1154070827,0.20579811715509264,42290
1154366670,0.20289591785782865,42300
1154594603,0.20463271621585816,42310
1154877892,0.20468400686634167,42320
1155147414,0.20198373261011182,42330
1155453257,0.21780549463995685,42340
1155741251,0.19700143660449795,42350
1156029974,0.2082043109610155,42360
1156266984,0.1981539752326387,42370
1156496747,0.20018758580397045,42380
1156760078,0.2014120503014879,42390
1157023404,0.20566719915607323,42400
1157318256,0.20899569459209333,42410
1157601997,0.19887150927097097,42420
1157903619,0.21310460959128058,42430
1158151821,0.19933662148037232,42440
1158435193,0.2087035050983317,42450
1158707303,0.19829106799111032,42460
1158973166,0.21335372455955626,42470
1159284223,0.2141004426183572,42480
1159580244,0.20015560923480472,42490
1159856926,0.20184792426703468,42500
1160112443,0.2195008335397438,42510
1160334479,0.2050816002933856,42520
1160618491,0.20585948166766244,42530
1160877164,0.20679571411614392,42540
1161160980,0.1991292065764947,42550
1161435750,0.20144884643225722,42560
1161701547,0.21959232020732034,42570
1162013946,0.20937311845039888,42580
1162276279,0.19734984899959285,42590
1162579294,0.1972003247685122,42600
1162839470,0.20438951576996356,42610
1163081918,0.20956906610859985,42620
1163381819,0.21390283375505015,42630
1163616987,0.20279608849349418,42640
1163865098,0.20526739392594084,42650
1164150333,0.2000215826559351,42660
1164450071,0.20374679147914482,42670
1164700398,0.20624635756708423,42680
1164932805,0.20899583425611967,42690
1165205843,0.2174997321899808,42700
1165479472,0.2007251733139101,42710
1165715276,0.21005755169769802,42720
1165999248,0.2096853650380056,42730
1166316562,0.20453971967305223,42740
1166581512,0.20429682436921867,42750
1166889378,0.21376014538329213,42760
1167158304,0.20695165749842048,42770
1167426723,0.20758643499616544,42780
1167695449,0.20554817761324495,42790
1167962135,0.20027373691165481,42800
1168225686,0.205152360601026,42810
1168497814,0.20659674297166938,42820
1168801910,0.20268693191439757,42830
1169095182,0.22193108325317673,42840
1169369790,0.21594010666684982,42850
1169620416,0.19946074440136966,42860
1169863678,0.20548499455184016,42870
1170139624,0.21337643093449185,42880
1170431372,0.20203163651824366,42890
1170716408,0.2158207787838079,42900
1170942076,0.2032340063844463,42910
1171224902,0.20166233829207564,42920
1171500545,0.21153982627865717,42930
1171749482,0.20628040915726878,42940
1171990803,0.20073556159922396,42950
1172255651,0.215918319183142,42960
1172518925,0.2108435203385499,42970
1172812956,0.21013158630325174,42980
1173097504,0.20790994794653098,42990
1173396447,0.20782109411591412,43000
1173679360,0.20096511443782525,43010
1173971822,0.21462865034191955,43020
1174233090,0.1971667579421515,43030
1174538478,0.20718289748811816,43040
1174789976,0.207552926543233,43050
1175051550,0.2026639366544879,43060
1175290400,0.19556940186293947,43070
1175618779,0.21911231269211065,43080
1175895331,0.21032827816213603,43090
1176222796,0.2029865159887207,43100
1176502896,0.2088204447959073,43110
1176776983,0.20370496999586524,43120
1177028290,0.20972453780648898,43130
1177322019,0.20540618926657975,43140
1177569039,0.200463304305462,43150
1177836733,0.20667890031072764,43160
1178096108,0.2074711250784487,43170
1178434430,0.21698387764465163,43180
1178692167,0.2064487083939956,43190
1178958748,0.20589432313718647,43200
1179220257,0.20806299530488645,43210
1179518667,0.20934596519249363,43220
1179805448,0.21425210903550373,43230
1180117220,0.20132981586315432,43240
1180337602,0.21600115029788972,43250
1180612273,0.2137155891000976,43260
1180847091,0.20329375685307016,43270
1181140139,0.20334695288350077,43280
1181409266,0.20590832910105664,43290
1181677850,0.2017764857311587,43300
1181922296,0.2085166909085287,43310
1182172956,0.1985545498486581,43320
1182431323,0.21014284612142922,43330
1182687077,0.20771777575988407,43340
1182897203,0.2061999527519454,43350
1183170703,0.20990462357646802,43360
1183471285,0.20798289184113578,43370
1183738581,0.20522602638730744,43380
1184008204,0.20701782206902278,43390
1184255588,0.20670646438694532,43400
1184494668,0.2228657910393221,43410
1184755744,0.20572239001356177,43420
1184997831,0.21391961782490623,43430
1185252601,0.21224700446622005,43440
1185530689,0.20251013026209166,43450
1185773879,0.2100083209935106,43460
1186010901,0.19787141298291233,43470
1186275609,0.21582396536162404,43480
1186554554,0.21649188919801393,43490
1186821882,0.2015047588045635,43500
1187091861,0.2001972891373605,43510
1187396160,0.2052914993656229,43520
1187658124,0.20600440016573407,43530
1187915300,0.20246949708820655,43540
1188172248,0.2077697906231326,43550
1188454352,0.20403837181588796,43560
1188757495,0.20532752882181476,43570
1189002644,0.19662103230926586,43580
1189244311,0.20905988035112466,43590
1189536492,0.219467831496845,43600
1189835321,0.21050446957127134,43610
1190079388,0.20045536076710346,43620
1190290706,0.21019583023597022,43630
1190550678,0.21269089571741942,43640
1190812647,0.206783227231988,43650
1191105522,0.2053647834843999,43660
1191353700,0.20871789596181645,43670
1191582659,0.20967628016783343,43680
1191834110,0.20524047644992566,43690
1192088456,0.21298790087205857,43700
1192393606,0.2144874875900394,43710
1192670105,0.20604814313485353,43720
1192945672,0.2056329037077317,43730
1193234866,0.20452340740803832,43740
1193521584,0.1998410599906652,43750
1193756985,0.20106356426476416,43760
1194042524,0.20489080509120058,43770
1194313475,0.21362587189082832,43780
1194616627,0.2126258791811168,43790
1194890099,0.21513477443877987,43800
1195164294,0.2045759719590776,43810
1195441994,0.20032857835241116,43820
1195727367,0.20739639416440964,43830
1196032818,0.21047930267249396,43840
1196268172,0.19921959723462618,43850
1196528980,0.2051659093884338,43860
1196784221,0.20786302598775291,43870
1197041067,0.21202975170991967,43880
1197277914,0.20647802947096933,43890
1197537685,0.20398812866814886,43900
1197822550,0.21666149569618967,43910
1198103844,0.20752503322611038,43920
1198384652,0.21437171188630624,43930
1198622214,0.19469619195156768,43940
1198884272,0.20628636225342598,43950
1199155449,0.20823976962363194,43960
1199411849,0.2117926779537575,43970
1199727988,0.2111526583687887,43980
1200058697,0.2072509829732379,43990
1200312027,0.201606119562861,44000
1200557618,0.20395757489624647,44010
1200856816,0.21570434489141532,44020
1201134679,0.2208587668785056,44030
1201410910,0.19873323952755356,44040
1201684918,0.2066884575643227,44050
1201994712,0.2140357438400884,44060
1202249019,0.20351544962633375,44070
1202514564,0.2093958999652029,44080
1202834631,0.2122052118011471,44090
1203098329,0.20237094973503134,44100
1203354444,0.20513911989293696,44110
1203625095,0.21993550779041288,44120
1203909746,0.2042145736113725,44130
1204217722,0.20688850303101383,44140
1204467794,0.20255328186989283,44150
1204723002,0.21083949833272495,44160
1204998888,0.22259406512849342,44170
1205273133,0.20538400271897247,44180
1205520804,0.20471333808956566,44190
1205862540,0.2105786463182626,44200
1206122429,0.203282103916414,44210
1206430970,0.21258823486032066,44220
1206744589,0.22385918828674506,44230
1206999294,0.20987556542895142,44240
1207261343,0.20492437603386202,44250
1207512632,0.19942263448359795,44260
1207763372,0.2025036171471164,44270
1208074609,0.20901355567798438,44280
1208360381,0.21188793766017058,44290
1208640674,0.20488622353300204,44300
1208950839,0.21143620455477172,44310
1209248219,0.20166450295945088,44320
1209550790,0.20806413893443684,44330
1209814703,0.204307904776717,44340
1210073501,0.2035441158530513,44350
1210319507,0.20708054318117805,44360
1210579284,0.20809607231753996,44370
1210856005,0.2047333907577421,44380
1211093273,0.20744632992913692,44390
1211338168,0.20486448503382776,44400
1211636762,0.2200828033585154,44410
1211861461,0.20442057231597974,44420
1212119415,0.19946530418541825,44430
1212375894,0.20146695457300295,44440
1212653214,0.2065356051960258,44450
1212958201,0.22196388179775162,44460
1213234687,0.20146641432050552,44470
1213489286,0.2093951983708956,44480
1213747793,0.21120237736225855,44490
1214001319,0.20815742990889488,44500
1214260810,0.20591853571025617,44510
1214528991,0.20532243343281242,44520
1214830377,0.22198528087263103,44530
1215104579,0.20157070545135292,44540
1215394550,0.20652288970064053,44550
1215624748,0.19826308597529477,44560
1215913759,0.2115918328699319,44570
1216189393,0.20885354957508723,44580
1216480139,0.20091997430758332,44590
1216765511,0.2045540319712589,44600
1216995272,0.20480727808222857,44610
1217280801,0.20960401692191155,44620
1217545525,0.2061614741674915,44630
1217814663,0.21504419924909743,44640
1218114054,0.21192081422959302,44650
1218367187,0.20479291322977797,44660
1218646062,0.1999716645347652,44670
1218916421,0.19937716058266514,44680
1219166466,0.20219570947778406,44690
1219462011,0.20582724916623837,44700
1219731612,0.20765938433011685,44710
1220002340,0.2026956439997331,44720
1220269113,0.20621990128440054,44730
1220550985,0.21261381542239952,44740
1220837085,0.20488831080266312,44750
1221085755,0.20175407413428142,44760
1221322174,0.2036823239827255,44770
1221618524,0.20676900640354193,44780
1221854608,0.20204349718705275,44790
1222124760,0.2111577482778136,44800
1222408915,0.21257143296351,44810
1222688176,0.222864944052809,44820
1222980268,0.20525783258302607,44830
1223263998,0.21548301906529338,44840
1223555812,0.20997445881590435,44850
1223922800,0.22002389049596974,44860
1224215380,0.21024122186018032,44870
1224500981,0.20767162744682466,44880
1224767773,0.207348686367655,44890
1225035775,0.20823410932240166,44900
1225305574,0.2067269921910563,44910
1225605805,0.2157342825164848,44920
1225887322,0.218724236281693,44930
1226138543,0.2137824711645043,44940
1226414474,0.21179124218297168,44950
1226755503,0.21383685364855415,44960
1227040070,0.21633686438462182,44970
1227322602,0.2080665640991411,44980
1227572359,0.21051196230655653,44990
1227868452,0.21460152555571133,45000
1228132091,0.20254939546252784,45010
1228431543,0.20794869379552877,45020
1228668730,0.20279921013540952,45030
1228958905,0.2088786727659406,45040
1229244291,0.20455499270196537,45050
1229498990,0.20676932125479344,45060
1229779296,0.21068500883071906,45070
1230042971,0.21411971973306673,45080
1230289958,0.20181372733042224,45090
1230571255,0.21268006341244816,45100
1230859329,0.20185477523408032,45110
1231141375,0.20960878287639756,45120
1231364230,0.20429094783360693,45130
1231635660,0.21155207749074448,45140
1231883331,0.21169012942538248,45150
1232176669,0.20204510111964274,45160
1232440286,0.20826396166391264,45170
1232721443,0.2021934593070103,45180
1233000864,0.21048603186825152,45190
1233259673,0.21681335622873732,45200
1233550456,0.20679019392046571,45210
1233859821,0.21578566888644798,45220
1234117963,0.20406671295031772,45230
1234380128,0.21954650740186668,45240
1234716698,0.22251607990236685,45250
1235007584,0.20928989546606486,45260
1235302833,0.20754438681846993,45270
1235574988,0.20439762810084677,45280
1235817301,0.20347398249539883,45290
1236061375,0.2050900574734583,45300
1236374823,0.21245911464581335,45310
1236588493,0.20474905351101344,45320
1236906541,0.20085432854854973,45330
1237157085,0.2182103523924398,45340
1237404340,0.20812867253191206,45350
1237724856,0.20595878610307047,45360
1238008095,0.2104313252433887,45370
1238271732,0.20757935665845187,45380
1238571042,0.2215112046735706,45390
1238859239,0.2195161714435259,45400
1239173781,0.21202779632863808,45410
1239468531,0.21481100628892297,45420
1239720124,0.2043348676584949,45430
1239987574,0.2101114947092599,45440
1240233923,0.2198397535492019,45450
1240539952,0.20762474584979174,45460
1240838960,0.21251455583502094,45470
1241142523,0.20496858574978546,45480
1241420281,0.21072630456589733,45490
1241672590,0.21380799492896033,45500
1241942812,0.21018693518433873,45510
1242216987,0.2112039680682168,45520
1242500332,0.21685991850707967,45530
1242755738,0.2235115001730258,45540
1243036642,0.21101602896715582,45550
1243320531,0.20836877255898495,45560
1243572330,0.19636668960088424,45570
1243826137,0.20132052434905368,45580
1244041704,0.20722680991931033,45590
1244313373,0.20228155509112777,45600
1244600257,0.20101315357470248,45610
1244827240,0.20264843003665878,45620
1245103867,0.19620485739160592,45630
1245371378,0.19512693514237164,45640
1245651077,0.19986214241500147,45650
1245912523,0.2013751488536039,45660
1246169090,0.197926024073664,45670
1246438478,0.20243512490099067,45680
1246732188,0.19543144089162054,45690
1247005118,0.19846440516994465,45700
1247248349,0.20157063313661663,45710
1247492505,0.19423880439804422,45720
1247755226,0.19503019896949564,45730
1248009760,0.20444726835302873,45740
1248248946,0.207395644963744,45750
1248530022,0.19980330265395552,45760
1248801269,0.19666681292758748,45770
1249102891,0.2042010707216259,45780
1249395499,0.20071804461454779,45790
1249688560,0.20318809281652783,45800
1249967787,0.20875860806365334,45810
1250212458,0.19762953775562256,45820
1250438417,0.20339229096400055,45830
1250758110,0.21418398810524825,45840
1251033158,0.20123121373262862,45850
1251262894,0.2044507434635975,45860
1251529936,0.2014530304579707,45870
1251819954,0.21556518625126225,45880
1252098015,0.19845147076475256,45890
1252385959,0.2017333754371383,45900
1252613137,0.2072821834648335,45910
1252848176,0.1968338909133864,45920
1253152851,0.1999214920552061,45930
1253441766,0.201185301170786,45940
1253662225,0.19252952616322364,45950
1253935516,0.2025840159144665,45960
1254179138,0.19557923098497557,45970
1254445665,0.19528070098034864,45980
1254722245,0.19829217901371646,45990
1254993261,0.19957433163696603,46000
1255240495,0.20275485193427628,46010
1255524846,0.19261033558526913,46020
1255788609,0.2042967876154112,46030
1256065059,0.19925177916020534,46040
1256302574,0.20119245920150156,46050
1256560071,0.20335901492638167,46060
1256859295,0.21675156657304873,46070
1257068033,0.20238416771716727,46080
1257338364,0.19605760278800297,46090
1257613712,0.2018615488464727,46100
1257869152,0.197798303025994,46110
1258110715,0.20177896971107045,46120
1258351304,0.21058058682133785,46130
1258612449,0.1960692132699904,46140
1258915510,0.19556593230159575,46150
1259189343,0.21410950017867678,46160
1259476614,0.20038223940292949,46170
1259748187,0.19603637808885488,46180
1260050966,0.19688478690580374,46190
1260322312,0.20548641609539664,46200
1260604086,0.2058380894993262,46210
1260860278,0.2051464037060115,46220
1261174682,0.1974839301274458,46230
1261449368,0.19624651043528626,46240
1261772401,0.21031998998423784,46250
1262014827,0.1992704938949711,46260
1262343931,0.19608057276624138,46270
1262582354,0.20712149287065304,46280
1262895605,0.2115172878986451,46290
1263140225,0.19948564100343802,46300
1263391788,0.20760034958224755,46310
1263687822,0.20634690283224139,46320
1263961342,0.20565576636387448,46330
1264257687,0.2048662317681142,46340
1264533743,0.21034869448206756,46350
1264787560,0.20358154612006057,46360
1265093518,0.19608023890222087,46370
1265363701,0.19926523536592738,46380
1265620266,0.19770837050243772,46390
1265954316,0.21035185924745128,46400
1266223256,0.20781024040295568,46410
1266481880,0.19501181399125095,46420
1266754907,0.21576383471894245,46430
1267048861,0.20070932196338367,46440
1267370617,0.2042817237907371,46450
1267684081,0.21292529309559094,46460
1267965696,0.19276564907439894,46470
1268224615,0.1932118048075757,46480
1268458915,0.19719894273041233,46490
1268742901,0.19054672573070974,46500
1269005366,0.19338345015183198,46510
1269289661,0.1952787663409957,46520
1269561073,0.20350386452157587,46530
1269835978,0.2033871771007064,46540
1270170432,0.21747884540215312,46550
1270436685,0.20282545464125729,46560
1270753683,0.20091831348479705,46570
1271028464,0.20164371559836647,46580
1271329650,0.2056304842146261,46590
1271603217,0.20490632073483134,46600
1271899639,0.21672563738630507,46610
1272190256,0.2176260804032544,46620
1272433203,0.20398768220846644,46630
1272726555,0.20159381089114037,46640
1273002838,0.20195068072202713,46650
1273280123,0.20105487648803208,46660
1273562254,0.20003744179990163,46670
1273834304,0.20041920131078847,46680
1274184527,0.19495610588684908,46690
1274465448,0.2053309129196244,46700
1274691075,0.1940720505476315,46710
1275043645,0.20020820762989583,46720
1275336783,0.19578872105454792,46730
1275588659,0.1942918501666378,46740
1275870599,0.1971615604493438,46750
1276115651,0.19964043296103345,46760
1276404225,0.19831825099694553,46770
1276715859,0.21999497194936193,46780
1276962708,0.21817308838309835,46790
1277239689,0.19764843923251774,46800
1277490910,0.20267214156189267,46810
1277732487,0.19661568468949925,46820
1278033328,0.2051435431868133,46830
1278329082,0.2053056594913835,46840
1278582053,0.1996196322930647,46850
1278862273,0.20400087412022322,46860
1279148612,0.2046948353225747,46870
1279403348,0.20043458066304065,46880
1279679270,0.20814899143498128,46890
1279985954,0.19775311643744015,46900
1280229228,0.20011933050458544,46910
1280485448,0.20027999866932628,46920
1280780829,0.21008529961692377,46930
1281029262,0.2009763903864517,46940
1281277370,0.20074338417789192,46950
1281565356,0.20336613063962236,46960
1281822586,0.20055965578207707,46970
1282084219,0.20391926308844954,46980
1282316096,0.19594378541843058,46990
1282572844,0.19886241940647642,47000
1282838380,0.19974648016051302,47010
1283137589,0.19584918026498277,47020
1283403871,0.20261659460834613,47030
1283660040,0.20157719510787767,47040
1283878464,0.20252308156390617,47050
1284169504,0.21086537719096016,47060
1284429306,0.20423934668271718,47070
1284692677,0.20259981337215807,47080
1284980931,0.2028137143242065,47090
1285255569,0.20240501897682459,47100
1285498693,0.20776029704924406,47110
1285759839,0.20604784580106933,47120
1286066457,0.1954381762592543,47130
1286339075,0.19542405075934097,47140
1286618577,0.19840329337933557,47150
1286864340,0.19739112187322316,47160
1287104953,0.19498682171278095,47170
1287396180,0.20580973954926596,47180
1287664853,0.19849384141630447,47190
1287945329,0.21056256070827084,47200
1288211828,0.2087895530632232,47210
1288552471,0.20625366388882563,47220
1288797684,0.19777305366148873,47230
1289091648,0.20210776567433905,47240
1289360803,0.20783673703618413,47250
1289639275,0.20666762994260204,47260
1289884421,0.2028148237537559,47270
1290140825,0.1989246065955359,47280
1290399110,0.2026956124665952,47290
1290684931,0.2032970963321364,47300
1290944146,0.20102636914453909,47310
1291204837,0.2007478096046836,47320
1291435960,0.19808668688119177,47330
1291690459,0.20969402287154243,47340
1291964034,0.19651791072237318,47350
1292217616,0.19869904854289425,47360
1292459839,0.19931498017831542,47370
1292729915,0.21047283195500496,47380
1292995664,0.2047354635295308,47390
1293271783,0.20013714699998705,47400
1293580995,0.2026928811645285,47410
1293854435,0.2034866064467098,47420
1294160412,0.19737362907453657,47430
1294406128,0.19948236416766893,47440
1294678257,0.2043812589413448,47450
1294947732,0.21636074350888382,47460
1295188402,0.19964305553359057,47470
1295498044,0.20888977810915446,47480
1295797931,0.2155520428273902,47490
1296011124,0.19687625361514502,47500
1296277951,0.20265802664784782,47510
1296514790,0.1951473430839928,47520
1296756510,0.2012508997960447,47530
1296978893,0.19782840419508724,47540
1297240746,0.1960115594896323,47550
1297519107,0.20025075101584147,47560
1297779717,0.19888849450675108,47570
1298084156,0.20558105915484903,47580
1298334280,0.20168046898489975,47590
1298617542,0.19593988795673478,47600
1298901834,0.20560029099974056,47610
1299190911,0.20978033776271598,47620
1299477701,0.2022582437390479,47630
1299712618,0.19977684985632183,47640
1299970299,0.20196385924937388,47650
1300243389,0.19937809656768019,47660
1300533518,0.20452437627202774,47670
1300841178,0.2050872466356661,47680
1301140911,0.20831597804746446,47690
1301481659,0.20584665448851397,47700
1301705545,0.19146484971115385,47710
1302005583,0.21326144761763136,47720
1302269565,0.19905066934567534,47730
1302532974,0.1968217283506749,47740
1302801401,0.20928383359323413,47750
1303043311,0.20005310437199028,47760
1303340107,0.2053153819416416,47770
1303629708,0.20097362957820028,47780
1303888778,0.20436066918971602,47790
1304170706,0.19581313514574486,47800
1304468105,0.20757437019380864,47810
1304746326,0.2060472462482924,47820
1305012954,0.20088868412198965,47830
1305262319,0.19466465405098016,47840
1305565325,0.20133184779302327,47850
1305841656,0.20668098316451736,47860
1306084893,0.2059847867270474,47870
1306333157,0.20537512866975083,47880
1306555669,0.20066511674100332,47890
1306829610,0.20638759771989304,47900
1307126262,0.20406944429736623,47910
1307353885,0.2039548672681132,47920
1307617512,0.20851753407203183,47930
1307924450,0.19496918139626304,47940
1308194470,0.2051096055192672,47950
1308479211,0.20599213530890195,47960
1308731789,0.19787550483161548,47970
1308991729,0.20075978312407405,47980
1309297507,0.2189287602839885,47990
1309592904,0.2084917399310418,48000
1309854211,0.2005323719398176,48010
1310148421,0.20611936918820692,48020
1310419776,0.20476522830291163,48030
1310701578,0.20314698569320633,48040
1310997883,0.2191320056693272,48050
1311277903,0.21844929384602235,48060
1311578902,0.2103501670280787,48070
1311846226,0.2059099534458139,48080
1312128396,0.2021839513506465,48090
1312386435,0.19926101137236524,48100
1312658654,0.19787073176133613,48110
1312893618,0.2010524599786719,48120
1313206478,0.20205674647035973,48130
1313476141,0.19623640219064462,48140
1313755168,0.2147500058421622,48150
1314027214,0.20865081941175467,48160
1314272050,0.198271918917826,48170
1314562263,0.2094942727595741,48180
1314869663,0.20772555523889719,48190
1315155707,0.2154718719060346,48200
1315456475,0.20244136098966917,48210
1315741699,0.20800232361540685,48220
1315997009,0.1959859863496203,48230
1316235306,0.20694145655963575,48240
1316487976,0.1961182862979956,48250
1316777666,0.20531409020765856,48260
1317019008,0.19992546637335748,48270
1317276127,0.20637510547724566,48280
1317578412,0.20475391126851927,48290
1317850860,0.21035457606004493,48300
1318104199,0.20425715507219463,48310
1318382568,0.2015909021092847,48320
1318613139,0.2049834841445672,48330
1318871844,0.2009939256756334,48340
1319142344,0.2065700162437024,48350
1319384353,0.19914746373780212,48360
1319654554,0.19748659196218107,48370
1319912353,0.19641563352157831,48380
1320194289,0.20175225780550365,48390
1320503994,0.19454690383114118,48400
1320776443,0.1993274298825474,48410
1321100638,0.21369121378377118,48420
1321415915,0.21416334046838642,48430
1321681048,0.1984373116407865,48440
1321962985,0.200503760594648,48450
1322271901,0.19600013766103183,48460
1322559154,0.19662697901646212,48470
1322841444,0.21668187146457785,48480
1323132351,0.19941881984530913,48490
1323408998,0.19489691825108346,48500
1323715316,0.21769540484842287,48510
1323970812,0.20183479212147706,48520
1324201532,0.20354687417421252,48530
1324451153,0.1989513392923257,48540
1324691657,0.1963756474973929,48550
1324976974,0.2063273737446182,48560
1325233401,0.20767397412062957,48570
1325556721,0.20787775048460502,48580
1325809025,0.20445361856844582,48590
1326117300,0.20096380646949472,48600
1326362439,0.2012677212604247,48610
1326649534,0.20350153172941998,48620
1326924894,0.20645100871230845,48630
1327172079,0.1948997330931833,48640
1327442744,0.20309600360862107,48650
1327726619,0.198075820052061,48660
1327988120,0.19531133993300112,48670
1328318815,0.20136011798479642,48680
1328586150,0.2135729852586365,48690
1328896451,0.20283542148860567,48700
1329166121,0.198826524252581,48710
1329456515,0.19531287727545846,48720
1329709006,0.19928438260957793,48730
1329943016,0.1964861788824773,48740
1330234880,0.19814380790891772,48750
1330532759,0.20084022115166775,48760
1330819319,0.20478019125304006,48770
1331111115,0.2064556640810744,48780
1331362985,0.20279296074598577,48790
1331691787,0.21203325590143743,48800
1332011849,0.2088548164324958,48810
1332256060,0.20538173340542645,48820
1332516333,0.20326835668841092,48830
1332804524,0.20549268412264018,48840
1333084842,0.21544166490639036,48850
1333369120,0.2020959038657846,48860
1333617355,0.19691191648470585,48870
1333891518,0.19990327367229707,48880
1334145323,0.19976402453043454,48890
1334382226,0.19875706363910206,48900
1334658064,0.21395953559225342,48910
1334959316,0.19613336330826042,48920
1335276259,0.20376124824841726,48930
1335541036,0.20230693804602914,48940
1335804128,0.1998221088942892,48950
1336087825,0.20704114111467276,48960
1336359538,0.1948124250013614,48970
1336616110,0.19938478791786282,48980
1336947799,0.20572466510153015,48990
1337181852,0.2050028095843661,49000
1337489884,0.20563209048267744,49010
1337759922,0.20293814703653676,49020
1338047194,0.20574193590010742,49030
1338321390,0.20519242053194603,49040
1338580359,0.2037826074709796,49050
1338852468,0.20006763683574996,49060
1339087771,0.1997765510781414,49070
1339369363,0.19521330868274225,49080
1339641525,0.19294846211064653,49090
1339904828,0.1941189060246999,49100
1340171307,0.20537550846310054,49110
1340457461,0.2027340509637381,49120
1340713599,0.20190649925345347,49130
1340974008,0.20641696686413516,49140
1341273062,0.19547524639707783,49150
1341528109,0.19199138252440348,49160
1341831298,0.20166517931464698,49170
1342126227,0.1981045191347315,49180
1342409489,0.19127405842688835,49190
1342686466,0.19082764939197489,49200
1342942980,0.19416410531570663,49210
1343174159,0.19992642249268341,49220
1343451177,0.20064846276555354,49230
1343720954,0.19592121875,49240
1343976250,0.19085261495079242,49250
1344227484,0.20113441437252977,49260
1344524293,0.20878645868990864,49270
1344782924,0.20520461163288034,49280
1345055546,0.19648021504546864,49290
1345316602,0.20191475059937375,49300
1345643147,0.19300638099729084,49310
1345940174,0.1977153784751336,49320
1346238524,0.20500974613852743,49330
1346531708,0.2027130556447272,49340
1346817159,0.19915404940797604,49350
1347074070,0.18939870177824383,49360
1347338649,0.19609443433851936,49370
1347627865,0.1930041088338283,49380
1347866173,0.1941824618349786,49390
1348175327,0.20473014467171977,49400
1348454673,0.19857552225098407,49410
1348742047,0.195243666863632,49420
1349054733,0.21273108290941659,49430
1349299220,0.20133069232804676,49440
1349554683,0.1964403905321874,49450
1349813469,0.19357025771570102,49460
1350079662,0.19579356084620195,49470
1350342080,0.19893099599134165,49480
1350637429,0.20854010226081163,49490
1350935267,0.19507185367011787,49500
1351194741,0.2095665162933639,49510
1351459316,0.2028068668005981,49520
1351712892,0.19624871097469315,49530
1351994276,0.21384452607410265,49540
1352231883,0.19361800639712226,49550
1352514423,0.19631829204947127,49560
1352827556,0.20194566345545908,49570
1353108538,0.21151676298418312,49580
1353401277,0.19680409203690197,49590
1353677346,0.1996947570317875,49600
1353984613,0.20293429085529988,49610
1354264046,0.19927413973693942,49620
1354508918,0.19351997949743785,49630
1354755243,0.19035824146521732,49640
1355004112,0.19134663400508914,49650
1355316511,0.19411565943034942,49660
1355611124,0.19875637857280185,49670
1355901132,0.19917295360613327,49680
1356174266,0.1923191602920061,49690
1356429591,0.20393249183376608,49700
1356683175,0.195557990103144,49710
1356912450,0.19424344278675335,49720
1357174006,0.19448741675247494,49730
1357486399,0.19827250134211422,49740
1357764674,0.19952993130947905,49750
1358017344,0.1909888246967322,49760
1358223652,0.19777889712652258,49770
1358511668,0.199400261098712,49780
1358806365,0.2105745073313297,49790
1359060813,0.19969376050394583,49800
1359372647,0.19308053871945097,49810
1359642834,0.19628306520469277,49820
1359918603,0.19565976614419708,49830
1360205861,0.19578806967452098,49840
1360489675,0.19874867394916973,49850
1360806702,0.20496626553694217,49860
1361082141,0.19109764485790862,49870
1361364096,0.19954586044974373,49880
1361616976,0.19960370517221002,49890
1361936133,0.20450589748317316,49900
1362222228,0.1950339427485012,49910
1362487470,0.1998629338180595,49920
1362789043,0.1941016631793491,49930
1363045921,0.20689731301021227,49940
1363338406,0.19343520040827303,49950
1363671299,0.19760995066453907,49960
1363954129,0.19378110126814566,49970
1364216601,0.21020206477012524,49980
1364523564,0.1974410680342331,49990
1364827291,0.2109046788085468,50000
1365095856,0.1973094243619519,50010
1365364992,0.20029315559928626,50020
1365662751,0.20260300523283006,50030
1365897165,0.20008236179765757,50040
1366182361,0.19851886585615156,50050
1366467944,0.19816476161476684,50060
1366743934,0.20579433298059854,50070
1367054137,0.20012728337789976,50080
1367291928,0.19696987798228713,50090
1367587891,0.20140096907022415,50100
1367905848,0.2075388396619344,50110
1368147203,0.20134925894667255,50120
1368438326,0.19758030154804096,50130
1368680048,0.2023744563466495,50140
1369001926,0.21027537311751074,50150
1369222360,0.1871680061738496,50160
1369483254,0.20270465168907392,50170
1369833119,0.20382795738199694,50180
1370124301,0.20091953205721788,50190
1370407126,0.20408108996200253,50200
1370717498,0.20719636879801517,50210
1370970310,0.19649973880039173,50220
1371223899,0.19781994732891492,50230
1371501695,0.18772526537864678,50240
1371740163,0.19864861063107647,50250
1372015215,0.1987281244790509,50260
1372308666,0.21212185212429352,50270
1372578688,0.20710094441944252,50280
1372840108,0.190515291859842,50290
1373104357,0.19298223349926558,50300
1373351825,0.19782299892507868,50310
1373651123,0.20956427863356308,50320
1373900016,0.19992027693062292,50330
1374161215,0.19815160904643692,50340
1374417451,0.20008596717031168,50350
1374678112,0.19216845222875986,50360
1374952550,0.20405994811760306,50370
1375221194,0.1975773271180955,50380
1375489689,0.20477028123364793,50390
1375745306,0.19840644194887153,50400
1376026131,0.1990686573818239,50410
1376259388,0.19425422159669337,50420
1376540327,0.2000725180788721,50430
1376797690,0.20171421093316935,50440
1377077714,0.2029169357608996,50450
1377336834,0.19954129358765427,50460
1377564886,0.20061941733201874,50470
1377812909,0.19226056990627902,50480
1378127258,0.20183890638549926,50490
1378356314,0.20251070536595456,50500
1378597897,0.19764073999961138,50510
1378834408,0.20039819711899964,50520
1379099539,0.2028683611141738,50530
1379377626,0.20066517817888513,50540
1379647897,0.19795531824221324,50550
1379921657,0.20079400771132774,50560
1380205978,0.19531702321814626,50570
1380507746,0.20344257393086815,50580
1380763877,0.19341895418637153,50590
1381008573,0.19286031073520735,50600
1381295748,0.19942850578391622,50610
1381566752,0.18833129433772758,50620
1381875251,0.19951712675909652,50630
1382137009,0.1960296479365606,50640
1382449151,0.20347307245282867,50650
1382729213,0.19610351872126663,50660
1383007129,0.19885545139769834,50670
1383291833,0.1936406641860614,50680
1383543988,0.19381722527026965,50690
1383778971,0.19324483234842346,50700
1384022085,0.1929279218518612,50710
1384312145,0.20492554716880862,50720
1384555472,0.20486803148558255,50730
1384794687,0.1950060371691231,50740
1385054030,0.19748261202939346,50750
1385332147,0.19726139173718868,50760
1385621327,0.2011103999742733,50770
1385909835,0.21073618856000895,50780
1386196909,0.1994093455296074,50790
1386466151,0.2117055174524146,50800
1386716969,0.20506201369877824,50810
1386975642,0.1950124513152903,50820
1387284937,0.19541695603900633,50830
1387561661,0.1969372459845583,50840
1387798974,0.208765906931956,50850
1388073404,0.20608159941369916,50860
1388317247,0.2005631351558305,50870
1388548388,0.19664956679992715,50880
1388836507,0.20472771526142722,50890
1389083403,0.1941721565501272,50900
1389399440,0.21412328826661642,50910
1389666653,0.19316271381660155,50920
1389939076,0.19797817078264535,50930
1390175841,0.19801032249087133,50940
1390469621,0.20169586603771486,50950
1390724506,0.20150523272880375,50960
1390997486,0.1921446561663122,50970
1391272266,0.20525152375901434,50980
1391544244,0.1907630643740228,50990
1391829938,0.20639659550899467,51000
1392099721,0.19668981945186373,51010
1392366711,0.19420704927007582,51020
1392641050,0.19543433555229348,51030
1392961405,0.20444282054989243,51040
1393236624,0.1913958936494112,51050
1393524359,0.19631250624947372,51060
1393739915,0.19593689460294839,51070
1394010226,0.20180943391824205,51080
1394231382,0.20275336824795434,51090
1394552839,0.19833175191920435,51100
1394855115,0.20544447919541536,51110
1395147595,0.19671334740748017,51120
1395448195,0.1995061500377076,51130
1395698414,0.19436078443264396,51140
1395944987,0.20876409806183172,51150
1396207546,0.196615667284541,51160
1396493164,0.19580536240149915,51170
1396733780,0.19586734179917126,51180
1396997369,0.19925846355410679,51190
1397241362,0.206304847864993,51200
1397571259,0.20025648930880743,51210
1397831330,0.1939174586969319,51220
1398132964,0.19701008301108092,51230
1398423305,0.1948522127218553,51240
1398670009,0.19873440207123952,51250
1398969876,0.22139581114689685,51260
1399302834,0.19391735780970445,51270
1399566313,0.20323188551033677,51280
1399894166,0.21669643740110758,51290
1400149941,0.1930334918242364,51300
1400432006,0.20745858939114567,51310
1400735012,0.20020549780087676,51320
1401019762,0.1988147579399428,51330
1401302966,0.20389577874142775,51340
1401565797,0.20257259045379294,51350
1401800853,0.2036785174181592,51360
1402056905,0.20025182653356483,51370
1402358801,0.19813072779651159,51380
1402618539,0.2004259234416022,51390
1402939804,0.19322002124721924,51400
1403225393,0.19996973122628134,51410
1403469033,0.19149599947860496,51420
1403733881,0.20517376895005857,51430
1403979770,0.1974622163378568,51440
1404255633,0.20259549855183973,51450
1404509579,0.2177867065719335,51460
1404772711,0.1921309347722464,51470
1405076347,0.19748158447473987,51480
1405345638,0.19264762381758668,51490
1405591625,0.19277479153806396,51500
1405849799,0.19811561073933182,51510
1406146604,0.20590842950269347,51520
1406411956,0.19540492520708708,51530
1406673581,0.21246190713290047,51540
1407001429,0.1988316563841915,51550
1407239111,0.20499512511898801,51560
1407492850,0.2013778727633998,51570
1407833720,0.1992039301069399,51580
1408076135,0.19520463738489127,51590
1408395551,0.21630501225266754,51600
1408685657,0.19315205734983731,51610
1408954934,0.19327140077098107,51620
1409217869,0.21246198493846494,51630
1409474199,0.19115638317233263,51640
1409737788,0.19543419781533294,51650
1409982577,0.20505939308171947,51660
1410241677,0.20160506415265145,51670
1410543375,0.20064939118049926,51680
1410788194,0.19941699759358028,51690
1411063551,0.19284739024603545,51700
1411311434,0.2014856579458152,51710
1411620583,0.1956979593692145,51720
1411872366,0.19158827481279533,51730
1412153219,0.19364259158928873,51740
1412405577,0.19796758484046104,51750
1412699973,0.2008306909135784,51760
1413004029,0.20049315311287474,51770
1413253765,0.19970688285557678,51780
1413549765,0.20184052253692772,51790
1413846597,0.2035586689153638,51800
1414154948,0.18897520154484088,51810
1414429235,0.19724471785664174,51820
1414703933,0.19964523925687813,51830
1414986628,0.19548634934260298,51840
1415247042,0.18905582717018163,51850
1415518608,0.19819447602650728,51860
1415777452,0.19643951308151428,51870
1416055772,0.19621440990605898,51880
1416296709,0.20616041334977725,51890
1416534638,0.1943119110958458,51900
1416790163,0.20448473784559054,51910
1417028016,0.19083107672311514,51920
1417288603,0.1971120646667146,51930
1417589079,0.19685932417157884,51940
1417882934,0.19588341987241745,51950
1418149900,0.19628997630408,51960
1418445492,0.1925284935168301,51970
1418706350,0.2016244595958968,51980
1418950133,0.1964698693948152,51990
1419222930,0.20584226340212383,52000
1419458889,0.2000183277916078,52010
1419738599,0.2063783594923273,52020
1419971358,0.19511070854145177,52030
1420240684,0.1929099323227586,52040
1420504840,0.198476325076193,52050
1420747454,0.19548885831981855,52060
1421038905,0.20974201330271205,52070
1421262168,0.1964476922325251,52080
1421525536,0.1984008525365224,52090
1421790370,0.19992869299582505,52100
1422047587,0.20461204579750847,52110
1422362722,0.19267183600378726,52120
1422616409,0.198324477113653,52130
1422896685,0.2140945795326968,52140
1423146233,0.20122508566356964,52150
1423423600,0.2051777014350799,52160
1423706122,0.19292003439437236,52170
1423965616,0.1986490326230627,52180
1424237448,0.20723983901875725,52190
1424482489,0.1989965044322645,52200
1424722648,0.19837820198647257,52210
1424960944,0.20607777413475795,52220
1425269276,0.196506511523553,52230
1425526032,0.19567082655077514,52240
1425784951,0.20566526238483177,52250
1426069203,0.19613774468319717,52260
1426374330,0.21271787657153338,52270
1426675023,0.2097306009025912,52280
1426957214,0.2027069025926333,52290
1427206937,0.2005026905082139,52300
1427491493,0.20361934228175754,52310
1427737462,0.1982544504519887,52320
1428037587,0.19326579949875292,52330
1428325094,0.20388232594685723,52340
1428588523,0.19225329621707138,52350
1428840809,0.19682435783594118,52360
1429097519,0.19430033054124282,52370
1429377720,0.20322029302513017,52380
1429635495,0.19013859675480768,52390
1429958118,0.19482775589439344,52400
1430229405,0.1924390753600823,52410
1430448180,0.1918069982618764,52420
1430687656,0.1977488345687571,52430
1430934128,0.19652971899773833,52440
1431220833,0.2045674203299765,52450
1431519532,0.20778664121429657,52460
1431831760,0.19941447871015985,52470
1432099397,0.2031482749113539,52480
1432366937,0.19802582317438505,52490
1432611557,0.1963479279517364,52500
1432888138,0.2145056492242576,52510
1433147996,0.19739791671135037,52520
1433439649,0.2076463286160331,52530
1433730420,0.20383309306387123,52540
1434033397,0.20066245033872165,52550
1434309165,0.19875070923867322,52560
1434579926,0.19497062325695988,52570
1434859888,0.19863827651569582,52580
1435100685,0.18876312711235102,52590
1435405773,0.1975362195428296,52600
1435644561,0.1973654061926295,52610
1435935215,0.1924206801167359,52620
1436226589,0.1846123147402676,52630
1436501805,0.19167796600430367,52640
1436737113,0.19304881117950676,52650
1437034236,0.19744325720745584,52660
1437304870,0.19934618138898913,52670
1437553987,0.19625874563606752,52680
1437814229,0.19612037207037025,52690
1438143666,0.2005234783870553,52700
1438436694,0.19272409428118925,52710
1438668162,0.19471143944961086,52720
1438903223,0.18817063152172253,52730
1439173989,0.19507367909813872,52740
1439431322,0.19986743082410116,52750
1439707108,0.19798550522804462,52760
1439979175,0.2000221286702712,52770
1440229038,0.1948628571713905,52780
1440487704,0.1907704260986009,52790
1440773670,0.19592209981986294,52800
1441042668,0.19589191634522832,52810
1441327548,0.19393447398003869,52820
1441614837,0.20934076063228818,52830
1441857371,0.1929217823466601,52840
1442143144,0.20809357981631493,52850
1442458158,0.20148833437367192,52860
1442735369,0.19925602698253547,52870
1443012831,0.19216634277154085,52880
1443319797,0.19715656597493547,52890
1443635363,0.18796330903880895,52900
1443926867,0.19323628562145365,52910
1444183495,0.19228711281480154,52920
1444447327,0.1935994828221571,52930
1444742235,0.19866116168950868,52940
1445010469,0.1895041479393161,52950
1445317017,0.1933360196193781,52960
1445563711,0.21236788619939861,52970
1445841936,0.1957809950172357,52980
1446062054,0.18906599698083587,52990
1446381434,0.20191351229366566,53000
1446662849,0.19089930663079263,53010
1446926139,0.19333406244924428,53020
1447215153,0.19746310560508498,53030
1447470207,0.19308907292892527,53040
1447730497,0.18829721942297392,53050
1448052942,0.1879447065103624,53060
1448296438,0.19262227166424747,53070
1448588650,0.19682996775681275,53080
1448867041,0.19495090094327988,53090
1449164955,0.18970629575078066,53100
1449401686,0.19297457723453681,53110
1449656110,0.18660056348174964,53120
1449891489,0.1925970680355408,53130
1450207858,0.19359334644683593,53140
1450448817,0.21209791894330532,53150
1450699282,0.19064246352518388,53160
1450991270,0.18233980488371812,53170
1451223077,0.19687041629726465,53180
1451497111,0.19245818379833063,53190
1451794156,0.19972344781853815,53200
1452035442,0.20976784030120474,53210
1452292505,0.1842223567235708,53220
1452594168,0.19084184521076725,53230
1452858362,0.19559330281285955,53240
1453134111,0.18773242567174392,53250
1453381115,0.19609258060912976,53260
1453690593,0.20026837716116982,53270
1453980534,0.20680948308741195,53280
1454255548,0.197204736862942,53290
1454596285,0.20314701432971785,53300
1454896116,0.19394763835812887,53310
1455137064,0.18837582466936453,53320
1455446684,0.2127414522140855,53330
1455700043,0.1907740074277875,53340
1455958285,0.19996601713482165,53350
1456284863,0.1944283518786142,53360
1456554360,0.1887133975556795,53370
1456824522,0.19582432218890464,53380
1457139468,0.19116008825006128,53390
1457404135,0.18699050738524972,53400
1457709231,0.20264536429132154,53410
1457968004,0.19007536572642128,53420
1458329462,0.19475616213393293,53430
1458638751,0.20158455076984436,53440
1458884922,0.19601657561323693,53450
1459182405,0.19475500566364606,53460
1459463315,0.1921696477180241,53470
1459734324,0.19479155907386506,53480
1459982697,0.19538655849126996,53490
1460243684,0.19724670652405027,53500
1460494454,0.1942037778745153,53510
1460755744,0.1938282029660105,53520
1461026859,0.18968332399568394,53530
1461315292,0.20145560851708838,53540
1461615908,0.19493236657269244,53550
1461878268,0.18847210590543645,53560
1462159022,0.1847353459968446,53570
1462403775,0.19430278900444425,53580
1462679725,0.20044532223204659,53590
1462953718,0.21079168645164773,53600
1463233584,0.1910669000721226,53610
1463494621,0.19731804695775954,53620
1463747626,0.19189180024469807,53630
1464002431,0.19197151913919563,53640
1464337550,0.19762614040606052,53650
1464600499,0.19680910300695942,53660
1464842008,0.19800981205600873,53670
1465113734,0.20349881814161302,53680
1465369600,0.19202894460847847,53690
1465626846,0.19594686195129885,53700
1465842703,0.1939411699532505,53710
1466123129,0.1928098269500079,53720
1466404525,0.19954981623408788,53730
1466644438,0.20216674843805077,53740
1466928173,0.19738920984234426,53750
1467143701,0.19200733932151237,53760
1467375141,0.19045484736607832,53770
1467624859,0.18953529785941742,53780
1467895793,0.20177721710043076,53790
1468152635,0.20253480262896476,53800
1468446040,0.1989396728918753,53810
1468720576,0.19544718043469467,53820
1468971240,0.19789717128718218,53830
1469290304,0.20392327633213803,53840
1469560093,0.19008799025839052,53850
1469828057,0.21275587214310385,53860
1470102287,0.20296381535945937,53870
1470402889,0.20624947409995525,53880
1470679627,0.1896021611304728,53890
1470947876,0.19190696121270787,53900
1471191297,0.18930969817362428,53910
1471522849,0.20241294989742867,53920
1471799108,0.19820919165072826,53930
1472071437,0.19834457185674606,53940
1472376388,0.21142144036961188,53950
1472597341,0.1925730256918936,53960
1472852709,0.1957555768052038,53970
1473167687,0.2132620992388386,53980
1473459923,0.20021350453354061,53990
1473720278,0.19456038178977,54000
1473980571,0.19323450561217156,54010
1474251804,0.19620225339695607,54020
1474522602,0.19662343458550074,54030
1474783050,0.2009962135405336,54040
1475033195,0.19463322959513613,54050
1475295857,0.20064718059384526,54060
1475603404,0.20327217209507042,54070
1475858081,0.19533160248402687,54080
1476177917,0.19759420962327107,54090
1476432342,0.1979920294128525,54100
1476674725,0.19516487240025227,54110
1476931756,0.18840374182024572,54120
1477174452,0.19542828479445123,54130
1477428490,0.1990276551391555,54140
1477673792,0.1941219262909471,54150
1477928674,0.19930158007152507,54160
1478219673,0.20766634594109923,54170
1478468508,0.19504420413526533,54180
1478713940,0.19813426343522048,54190
1478981425,0.2028393387866133,54200
1479226789,0.19320596027844059,54210
1479492320,0.19367392035885614,54220
1479757935,0.1985176055620689,54230
1480029420,0.19836771861773722,54240
1480287027,0.19537019947654463,54250
1480514853,0.20264138675821933,54260
1480783554,0.1971850462860565,54270
1481056747,0.19483859365466386,54280
1481349787,0.19614960910100232,54290
1481631173,0.2002400491552567,54300
1481935799,0.20215391220494222,54310
1482229830,0.19259628833666353,54320
1482476578,0.20904127328931088,54330
1482724080,0.188372923673423,54340
1482998896,0.19271943957424537,54350
1483292384,0.19277551810841603,54360
1483559158,0.20158622549830205,54370
1483843367,0.19182407198928472,54380
1484137519,0.19850219662995247,54390
1484384419,0.19772626543202415,54400
1484634021,0.2081154843736995,54410
1484879647,0.19210261372557808,54420
1485146549,0.19743679453297086,54430
1485440871,0.20835264481781984,54440
1485686435,0.1930212729807916,54450
1485974848,0.20625350634539236,54460
1486261236,0.1929370865734366,54470
1486537828,0.19468725818725846,54480
1486802089,0.19726926301782838,54490
1487065998,0.20069804513196474,54500
1487368411,0.20369245086442278,54510
1487607961,0.18797634068333494,54520
1487861310,0.19338087892544575,54530
1488149096,0.20137114325680672,54540
1488416954,0.19677566685194303,54550
1488675932,0.19667106353442845,54560
1488947057,0.19908571795684724,54570
1489174985,0.19532552537153527,54580
1489464128,0.18749594592173166,54590
1489718183,0.20049910022883077,54600
1490000398,0.19684181022613273,54610
1490321216,0.20242407412282035,54620
1490588594,0.1953505360683533,54630
1490895096,0.19950495299970714,54640
1491187158,0.212518840160995,54650
1491462318,0.19806750851279614,54660
1491743098,0.19864580896334422,54670
1492050647,0.20883500110346276,54680
1492335788,0.1942878496349212,54690
1492592928,0.19373967448579027,54700
1492859192,0.19858962481769205,54710
1493130735,0.21305671752366337,54720
1493383236,0.20008923435574022,54730
1493680602,0.19430344472358232,54740
1493994851,0.2050974826835157,54750
1494245843,0.20106185122212827,54760
1494493808,0.19491869529868608,54770
1494752634,0.1963655617950214,54780
1494976174,0.19248498231512615,54790
1495282107,0.19039333540132253,54800
1495575600,0.2016856296479164,54810
1495849606,0.1920950434360752,54820
1496151896,0.1956143210858549,54830
1496405589,0.18761400095866984,54840
1496628848,0.19786547145431624,54850
1496910543,0.19842618996090194,54860
1497176061,0.19494843242572316,54870
1497434942,0.1975749062629325,54880
1497702934,0.20048298060939632,54890
1497960436,0.19301778717669493,54900
1498193762,0.19728385248374897,54910
1498472109,0.19769823263137468,54920
1498758190,0.19841293734063992,54930
1499009989,0.19397460862607366,54940
1499268090,0.19399295276502337,54950
1499548904,0.20103828381521005,54960
1499809655,0.19495357891289455,54970
1500017043,0.20042366036322765,54977
